Name,Title,Email,SSOID,Effective Date,Band,Pillar,Org,Super Group,Super Group Lead,Group,Group Lead,Primary Unit,Primary Unit Lead,GL,Office City,Lead Manager,Co-Lead Manager,Employee Type,Part-Time?,GLP,Start Date,BambooHR PersonID,BambooHR SupervisorID,BambooHR Supervisor Name,BambooHR Department,BambooHR Job Title,BambooHR Phone,BambooHR Email,BambooHR Location,BambooHR Image URL,App Contact Match Count,App Contact Role Summary,App Contact Applications
Pratheeksha S,"Leader, Product Development and Operations",pratheeksha.s@gensuitellc.com,700001573,,Leader,Product Fulfillment,Product Development and Operations,,,N/A,,Training Compliance,Priyanka Naik,India,Bangalore,Alonzo Gomez,N/A,Employee,No,,8-Jun-26,1101,589,Alonzo Gomez,,,,,,https://images7.bamboohr.com/590710/photos/1101-1-4.jpg?Policy=eyJTdGF0ZW1lbnQiOlt7IlJlc291cmNlIjoiaHR0cHM6Ly9pbWFnZXM3LmJhbWJvb2hyLmNvbS81OTA3MTAvKiIsIkNvbmRpdGlvbiI6eyJEYXRlR3JlYXRlclRoYW4iOnsiQVdTOkVwb2NoVGltZSI6MTc4MzAwNjE0NX0sIkRhdGVMZXNzVGhhbiI6eyJBV1M6RXBvY2hUaW1lIjoxNzg1NTk4MTU1fX19XX0_&Signature=J1B4GO~jK50qCclmZaLqEC4jS8HnroIZvmJhMMJWSB9ZnBOYo~7fF23HTCopGFoluN8972aUkxaMCLAyLek8h9V5GfEvmGgh-dsq4-dm9FKFfb-8iGeF18mnVqI1SLg4XVMCW1D7xbBrpRNJIkT0wYxlMmqE5szT8OhYL7W38tb3CQpXEMuIjnNHDvuT8u2xxXpOzT8Ke-ZxPcNBE68WIRUQvhaQqufhtszvf0DsGeShyvqcJ2EhuxhHo96N0fujI7pApmBrdI7N-g5qx5VSopBDEvQ~v77dR-qgfaf3pzk1jiz8gJnhF7xDEKSSmKVr4SgIrN-n7kgzqiXa5fplLA__&Key-Pair-Id=K3R4N4FU6US991,0,,
Jose Padilla,Product Developer,jose.padilla@gensuitellc.com,700001569,,Analyst / Developer / Specialist,Product Fulfillment,Product Development and Operations,Product AI and Tech Enablement,Bonita Murillo,Enterprise Systems and Solutions,Phillip Terry,West,Munmun Malkani,Mexico,Aguascalientes,Alonzo Gomez,N/A,Employee,No,,11-May-26,1095,589,Alonzo Gomez,,,,,,https://images7.bamboohr.com/590710/photos/1095-0-4.jpg?Policy=eyJTdGF0ZW1lbnQiOlt7IlJlc291cmNlIjoiaHR0cHM6Ly9pbWFnZXM3LmJhbWJvb2hyLmNvbS81OTA3MTAvKiIsIkNvbmRpdGlvbiI6eyJEYXRlR3JlYXRlclRoYW4iOnsiQVdTOkVwb2NoVGltZSI6MTc4MzAwNjE0NX0sIkRhdGVMZXNzVGhhbiI6eyJBV1M6RXBvY2hUaW1lIjoxNzg1NTk4MTU1fX19XX0_&Signature=J1B4GO~jK50qCclmZaLqEC4jS8HnroIZvmJhMMJWSB9ZnBOYo~7fF23HTCopGFoluN8972aUkxaMCLAyLek8h9V5GfEvmGgh-dsq4-dm9FKFfb-8iGeF18mnVqI1SLg4XVMCW1D7xbBrpRNJIkT0wYxlMmqE5szT8OhYL7W38tb3CQpXEMuIjnNHDvuT8u2xxXpOzT8Ke-ZxPcNBE68WIRUQvhaQqufhtszvf0DsGeShyvqcJ2EhuxhHo96N0fujI7pApmBrdI7N-g5qx5VSopBDEvQ~v77dR-qgfaf3pzk1jiz8gJnhF7xDEKSSmKVr4SgIrN-n7kgzqiXa5fplLA__&Key-Pair-Id=K3R4N4FU6US991,0,,
Luis Gutierrez,Lead Product Developer,luis.gutierrez@gensuitellc.com,700001568,,Lead Analyst / Specialist / Developer,Product Fulfillment,Product Development and Operations,Product AI and Tech Enablement,Bonita Murillo,Enterprise Systems and Solutions,Phillip Terry,West,Munmun Malkani,Mexico,Aguascalientes,Alonzo Gomez,N/A,Employee,No,,11-May-26,1094,589,Alonzo Gomez,,,,,,https://images7.bamboohr.com/590710/photos/1094-0-4.jpg?Policy=eyJTdGF0ZW1lbnQiOlt7IlJlc291cmNlIjoiaHR0cHM6Ly9pbWFnZXM3LmJhbWJvb2hyLmNvbS81OTA3MTAvKiIsIkNvbmRpdGlvbiI6eyJEYXRlR3JlYXRlclRoYW4iOnsiQVdTOkVwb2NoVGltZSI6MTc4MzAwNjE0NX0sIkRhdGVMZXNzVGhhbiI6eyJBV1M6RXBvY2hUaW1lIjoxNzg1NTk4MTU1fX19XX0_&Signature=J1B4GO~jK50qCclmZaLqEC4jS8HnroIZvmJhMMJWSB9ZnBOYo~7fF23HTCopGFoluN8972aUkxaMCLAyLek8h9V5GfEvmGgh-dsq4-dm9FKFfb-8iGeF18mnVqI1SLg4XVMCW1D7xbBrpRNJIkT0wYxlMmqE5szT8OhYL7W38tb3CQpXEMuIjnNHDvuT8u2xxXpOzT8Ke-ZxPcNBE68WIRUQvhaQqufhtszvf0DsGeShyvqcJ2EhuxhHo96N0fujI7pApmBrdI7N-g5qx5VSopBDEvQ~v77dR-qgfaf3pzk1jiz8gJnhF7xDEKSSmKVr4SgIrN-n7kgzqiXa5fplLA__&Key-Pair-Id=K3R4N4FU6US991,5,App Associate: 4; App Director: 1,"Benchmark CRM (App Associate); Business Tracker (App Associate, App Director); Champions Builder (App Associate); NS Accelerator (App Associate)"
Carlos Rangel,Product Developer,carlos.rangel@gensuitellc.com,700001246,29-Sep-25,Analyst / Developer / Specialist,Product Fulfillment,Product Development and Operations,Super Group A,Alonzo Gomez,EHS,Juan Palacios,Health and Safety; PTW,Sebastian Ramirez,Mexico,Aguascalientes,Sebastian Ramirez,N/A,Employee,No,,10-Sep-24,847,717,Sebastian Ramirez,,,,,,https://images7.bamboohr.com/590710/photos/847-0-4.jpg?Policy=eyJTdGF0ZW1lbnQiOlt7IlJlc291cmNlIjoiaHR0cHM6Ly9pbWFnZXM3LmJhbWJvb2hyLmNvbS81OTA3MTAvKiIsIkNvbmRpdGlvbiI6eyJEYXRlR3JlYXRlclRoYW4iOnsiQVdTOkVwb2NoVGltZSI6MTc4MzAwNjE0NX0sIkRhdGVMZXNzVGhhbiI6eyJBV1M6RXBvY2hUaW1lIjoxNzg1NTk4MTU1fX19XX0_&Signature=J1B4GO~jK50qCclmZaLqEC4jS8HnroIZvmJhMMJWSB9ZnBOYo~7fF23HTCopGFoluN8972aUkxaMCLAyLek8h9V5GfEvmGgh-dsq4-dm9FKFfb-8iGeF18mnVqI1SLg4XVMCW1D7xbBrpRNJIkT0wYxlMmqE5szT8OhYL7W38tb3CQpXEMuIjnNHDvuT8u2xxXpOzT8Ke-ZxPcNBE68WIRUQvhaQqufhtszvf0DsGeShyvqcJ2EhuxhHo96N0fujI7pApmBrdI7N-g5qx5VSopBDEvQ~v77dR-qgfaf3pzk1jiz8gJnhF7xDEKSSmKVr4SgIrN-n7kgzqiXa5fplLA__&Key-Pair-Id=K3R4N4FU6US991,1,App Associate: 1,Workforce Development (App Associate)
Deeksha Shetty,Product Developer,deeksha.shetty@gensuitellc.com,700001067,23-Jun-25,Analyst / Developer / Specialist,Product Fulfillment,Product Development and Operations,Super Group A,Alonzo Gomez,Training and Contractor Mgmt,Priyanka Naik,Training Compliance,Priyanka Naik,India,Bangalore,Deepak MS,N/A,Employee,No,,26-Jun-23,221,222,Deepak MS,,,,,,https://images7.bamboohr.com/590710/photos/221-1-4.jpg?Policy=eyJTdGF0ZW1lbnQiOlt7IlJlc291cmNlIjoiaHR0cHM6Ly9pbWFnZXM3LmJhbWJvb2hyLmNvbS81OTA3MTAvKiIsIkNvbmRpdGlvbiI6eyJEYXRlR3JlYXRlclRoYW4iOnsiQVdTOkVwb2NoVGltZSI6MTc4MzAwNjE0NX0sIkRhdGVMZXNzVGhhbiI6eyJBV1M6RXBvY2hUaW1lIjoxNzg1NTk4MTU1fX19XX0_&Signature=J1B4GO~jK50qCclmZaLqEC4jS8HnroIZvmJhMMJWSB9ZnBOYo~7fF23HTCopGFoluN8972aUkxaMCLAyLek8h9V5GfEvmGgh-dsq4-dm9FKFfb-8iGeF18mnVqI1SLg4XVMCW1D7xbBrpRNJIkT0wYxlMmqE5szT8OhYL7W38tb3CQpXEMuIjnNHDvuT8u2xxXpOzT8Ke-ZxPcNBE68WIRUQvhaQqufhtszvf0DsGeShyvqcJ2EhuxhHo96N0fujI7pApmBrdI7N-g5qx5VSopBDEvQ~v77dR-qgfaf3pzk1jiz8gJnhF7xDEKSSmKVr4SgIrN-n7kgzqiXa5fplLA__&Key-Pair-Id=K3R4N4FU6US991,0,,
Ernesto Saldana,Product Developer,ernesto.saldana@gensuitellc.com,700000814,30-Jun-23,Analyst / Developer / Specialist,Product Fulfillment,Product Development and Operations,Super Group A,Alonzo Gomez,Action and Obligation Tracking,Alonzo Gomez,Action and Obligation Tracking,Rahul Jha,Mexico,San Luis Potosi,Francisco Sanchez,Rahul Jha,Employee,No,,4-Jan-22,629,641,Francisco Sanchez,,,,,,https://images7.bamboohr.com/590710/photos/629-0-4.jpg?Policy=eyJTdGF0ZW1lbnQiOlt7IlJlc291cmNlIjoiaHR0cHM6Ly9pbWFnZXM3LmJhbWJvb2hyLmNvbS81OTA3MTAvKiIsIkNvbmRpdGlvbiI6eyJEYXRlR3JlYXRlclRoYW4iOnsiQVdTOkVwb2NoVGltZSI6MTc4MzAwNjE0NX0sIkRhdGVMZXNzVGhhbiI6eyJBV1M6RXBvY2hUaW1lIjoxNzg1NTk4MTU1fX19XX0_&Signature=J1B4GO~jK50qCclmZaLqEC4jS8HnroIZvmJhMMJWSB9ZnBOYo~7fF23HTCopGFoluN8972aUkxaMCLAyLek8h9V5GfEvmGgh-dsq4-dm9FKFfb-8iGeF18mnVqI1SLg4XVMCW1D7xbBrpRNJIkT0wYxlMmqE5szT8OhYL7W38tb3CQpXEMuIjnNHDvuT8u2xxXpOzT8Ke-ZxPcNBE68WIRUQvhaQqufhtszvf0DsGeShyvqcJ2EhuxhHo96N0fujI7pApmBrdI7N-g5qx5VSopBDEvQ~v77dR-qgfaf3pzk1jiz8gJnhF7xDEKSSmKVr4SgIrN-n7kgzqiXa5fplLA__&Key-Pair-Id=K3R4N4FU6US991,1,App Lead: 1,SAFER (App Lead)
Fernando Cardona,Product Developer,fernando.cardona@gensuitellc.com,700001218,25-Jun-25,Analyst / Developer / Specialist,Product Fulfillment,Product Development and Operations,Super Group A,Alonzo Gomez,EHS,Juan Palacios,Environmental,Aaron Olvera,Mexico,Aguascalientes,Sebastian Ramirez,N/A,Employee,No,,10-Jun-24,809,717,Sebastian Ramirez,,,,,,https://images7.bamboohr.com/590710/photos/809-1-4.jpg?Policy=eyJTdGF0ZW1lbnQiOlt7IlJlc291cmNlIjoiaHR0cHM6Ly9pbWFnZXM3LmJhbWJvb2hyLmNvbS81OTA3MTAvKiIsIkNvbmRpdGlvbiI6eyJEYXRlR3JlYXRlclRoYW4iOnsiQVdTOkVwb2NoVGltZSI6MTc4MzAwNjE0NX0sIkRhdGVMZXNzVGhhbiI6eyJBV1M6RXBvY2hUaW1lIjoxNzg1NTk4MTU1fX19XX0_&Signature=J1B4GO~jK50qCclmZaLqEC4jS8HnroIZvmJhMMJWSB9ZnBOYo~7fF23HTCopGFoluN8972aUkxaMCLAyLek8h9V5GfEvmGgh-dsq4-dm9FKFfb-8iGeF18mnVqI1SLg4XVMCW1D7xbBrpRNJIkT0wYxlMmqE5szT8OhYL7W38tb3CQpXEMuIjnNHDvuT8u2xxXpOzT8Ke-ZxPcNBE68WIRUQvhaQqufhtszvf0DsGeShyvqcJ2EhuxhHo96N0fujI7pApmBrdI7N-g5qx5VSopBDEvQ~v77dR-qgfaf3pzk1jiz8gJnhF7xDEKSSmKVr4SgIrN-n7kgzqiXa5fplLA__&Key-Pair-Id=K3R4N4FU6US991,5,App Associate: 5,AirLog (App Associate); EHS Sample Management (App Associate); ODS Sentinel (App Associate); Risk Registry (App Associate); Water Watch (App Associate)
Francisco Amador,Product Developer,francisco.amador@gensuitellc.com,700001535,,Analyst / Developer / Specialist,Product Fulfillment,Product Development and Operations,Super Group A,Alonzo Gomez,Action and Obligation Tracking,Alonzo Gomez,Action and Obligation Tracking,Rahul Jha,Mexico,Aguascalientes,Alonzo Gomez,Rahul Jha,Employee,No,,9-Mar-26,1057,589,Alonzo Gomez,,,,,,https://images7.bamboohr.com/590710/photos/1057-0-4.jpg?Policy=eyJTdGF0ZW1lbnQiOlt7IlJlc291cmNlIjoiaHR0cHM6Ly9pbWFnZXM3LmJhbWJvb2hyLmNvbS81OTA3MTAvKiIsIkNvbmRpdGlvbiI6eyJEYXRlR3JlYXRlclRoYW4iOnsiQVdTOkVwb2NoVGltZSI6MTc4MzAwNjE0NX0sIkRhdGVMZXNzVGhhbiI6eyJBV1M6RXBvY2hUaW1lIjoxNzg1NTk4MTU1fX19XX0_&Signature=J1B4GO~jK50qCclmZaLqEC4jS8HnroIZvmJhMMJWSB9ZnBOYo~7fF23HTCopGFoluN8972aUkxaMCLAyLek8h9V5GfEvmGgh-dsq4-dm9FKFfb-8iGeF18mnVqI1SLg4XVMCW1D7xbBrpRNJIkT0wYxlMmqE5szT8OhYL7W38tb3CQpXEMuIjnNHDvuT8u2xxXpOzT8Ke-ZxPcNBE68WIRUQvhaQqufhtszvf0DsGeShyvqcJ2EhuxhHo96N0fujI7pApmBrdI7N-g5qx5VSopBDEvQ~v77dR-qgfaf3pzk1jiz8gJnhF7xDEKSSmKVr4SgIrN-n7kgzqiXa5fplLA__&Key-Pair-Id=K3R4N4FU6US991,0,,
Miguel Cabello,Product Developer,miguel.cabello@gensuitellc.com,700001344,,Analyst / Developer / Specialist,Product Fulfillment,Product Development and Operations,Super Group A,Alonzo Gomez,Frontline Ops,Bill Barbour,ANVL Product,Bill Barbour,Mexico,Aguascalientes,Alonzo Gomez,Bill Barbour,Employee,No,,11-Aug-25,961,589,Alonzo Gomez,,,,,,https://images7.bamboohr.com/590710/photos/961-0-4.jpg?Policy=eyJTdGF0ZW1lbnQiOlt7IlJlc291cmNlIjoiaHR0cHM6Ly9pbWFnZXM3LmJhbWJvb2hyLmNvbS81OTA3MTAvKiIsIkNvbmRpdGlvbiI6eyJEYXRlR3JlYXRlclRoYW4iOnsiQVdTOkVwb2NoVGltZSI6MTc4MzAwNjE0NX0sIkRhdGVMZXNzVGhhbiI6eyJBV1M6RXBvY2hUaW1lIjoxNzg1NTk4MTU1fX19XX0_&Signature=J1B4GO~jK50qCclmZaLqEC4jS8HnroIZvmJhMMJWSB9ZnBOYo~7fF23HTCopGFoluN8972aUkxaMCLAyLek8h9V5GfEvmGgh-dsq4-dm9FKFfb-8iGeF18mnVqI1SLg4XVMCW1D7xbBrpRNJIkT0wYxlMmqE5szT8OhYL7W38tb3CQpXEMuIjnNHDvuT8u2xxXpOzT8Ke-ZxPcNBE68WIRUQvhaQqufhtszvf0DsGeShyvqcJ2EhuxhHo96N0fujI7pApmBrdI7N-g5qx5VSopBDEvQ~v77dR-qgfaf3pzk1jiz8gJnhF7xDEKSSmKVr4SgIrN-n7kgzqiXa5fplLA__&Key-Pair-Id=K3R4N4FU6US991,0,,
Pavan N,Product Developer,pavan.n@gensuitellc.com,700001240,18-Aug-25,Analyst / Developer / Specialist,Product Fulfillment,Product Development and Operations,Super Group A,Alonzo Gomez,EHS,Juan Palacios,Health and Safety; PTW,Sebastian Ramirez,India,Bangalore,Deepak MS,Juan Palacios,Employee,No,,19-Aug-24,842,222,Deepak MS,,,,,,https://resources.bamboohr.com/images/photo_person_160x160.png,0,,
Alan Nieves,Product Developer Associate,alan.nieves@gensuitellc.com,700001564,,Associate,Product Fulfillment,Product Development and Operations,Super Group A,Alonzo Gomez,Training and Contractor Mgmt,Priyanka Naik,Training Compliance,Priyanka Naik,Mexico,Aguascalientes,Alonzo Gomez,Priyanka Naik,Employee,No,,27-Apr-26,1090,589,Alonzo Gomez,,,,,,https://images7.bamboohr.com/590710/photos/1090-0-4.jpg?Policy=eyJTdGF0ZW1lbnQiOlt7IlJlc291cmNlIjoiaHR0cHM6Ly9pbWFnZXM3LmJhbWJvb2hyLmNvbS81OTA3MTAvKiIsIkNvbmRpdGlvbiI6eyJEYXRlR3JlYXRlclRoYW4iOnsiQVdTOkVwb2NoVGltZSI6MTc4MzAwNjE0NX0sIkRhdGVMZXNzVGhhbiI6eyJBV1M6RXBvY2hUaW1lIjoxNzg1NTk4MTU1fX19XX0_&Signature=J1B4GO~jK50qCclmZaLqEC4jS8HnroIZvmJhMMJWSB9ZnBOYo~7fF23HTCopGFoluN8972aUkxaMCLAyLek8h9V5GfEvmGgh-dsq4-dm9FKFfb-8iGeF18mnVqI1SLg4XVMCW1D7xbBrpRNJIkT0wYxlMmqE5szT8OhYL7W38tb3CQpXEMuIjnNHDvuT8u2xxXpOzT8Ke-ZxPcNBE68WIRUQvhaQqufhtszvf0DsGeShyvqcJ2EhuxhHo96N0fujI7pApmBrdI7N-g5qx5VSopBDEvQ~v77dR-qgfaf3pzk1jiz8gJnhF7xDEKSSmKVr4SgIrN-n7kgzqiXa5fplLA__&Key-Pair-Id=K3R4N4FU6US991,0,,
Armando Lopez,Product Developer Associate,armando.lopez@gensuitellc.com,700001493,5-Jan-26,Associate,Product Fulfillment,Product Development and Operations,Super Group A,Alonzo Gomez,Frontline Ops,Bill Barbour,ANVL Product,Bill Barbour,Mexico,Aguascalientes,Alonzo Gomez,Bill Barbour,Employee,No,,15-Dec-25,992,589,Alonzo Gomez,,,,,,https://images7.bamboohr.com/590710/photos/992-0-4.jpg?Policy=eyJTdGF0ZW1lbnQiOlt7IlJlc291cmNlIjoiaHR0cHM6Ly9pbWFnZXM3LmJhbWJvb2hyLmNvbS81OTA3MTAvKiIsIkNvbmRpdGlvbiI6eyJEYXRlR3JlYXRlclRoYW4iOnsiQVdTOkVwb2NoVGltZSI6MTc4MzAwNjE0NX0sIkRhdGVMZXNzVGhhbiI6eyJBV1M6RXBvY2hUaW1lIjoxNzg1NTk4MTU1fX19XX0_&Signature=J1B4GO~jK50qCclmZaLqEC4jS8HnroIZvmJhMMJWSB9ZnBOYo~7fF23HTCopGFoluN8972aUkxaMCLAyLek8h9V5GfEvmGgh-dsq4-dm9FKFfb-8iGeF18mnVqI1SLg4XVMCW1D7xbBrpRNJIkT0wYxlMmqE5szT8OhYL7W38tb3CQpXEMuIjnNHDvuT8u2xxXpOzT8Ke-ZxPcNBE68WIRUQvhaQqufhtszvf0DsGeShyvqcJ2EhuxhHo96N0fujI7pApmBrdI7N-g5qx5VSopBDEvQ~v77dR-qgfaf3pzk1jiz8gJnhF7xDEKSSmKVr4SgIrN-n7kgzqiXa5fplLA__&Key-Pair-Id=K3R4N4FU6US991,0,,
Himansu Behera,Product Developer Associate,himansu.behera@gensuitellc.com,700001222,6-Dec-24,Associate,Product Fulfillment,Product Development and Operations,Super Group A,Alonzo Gomez,EHS,Juan Palacios,Health and Safety; PTW,Sebastian Ramirez,India,Bangalore,Deepak MS,N/A,Employee,No,,6-Jun-24,814,222,Deepak MS,,,,,,https://resources.bamboohr.com/images/photo_person_160x160.png,0,,
Om Sindagi,Product Developer Associate,om.sindagi@gensuitellc.com,700001283,10-Aug-25,Associate,Product Fulfillment,Product Development and Operations,Super Group A,Alonzo Gomez,Action and Obligation Tracking,Alonzo Gomez,Action and Obligation Tracking,Rahul Jha,India,Bangalore,Deepak MS,Rahul Jha,Employee,No,,10-Feb-25,889,222,Deepak MS,,,,,,https://images7.bamboohr.com/590710/photos/889-1-4.jpg?Policy=eyJTdGF0ZW1lbnQiOlt7IlJlc291cmNlIjoiaHR0cHM6Ly9pbWFnZXM3LmJhbWJvb2hyLmNvbS81OTA3MTAvKiIsIkNvbmRpdGlvbiI6eyJEYXRlR3JlYXRlclRoYW4iOnsiQVdTOkVwb2NoVGltZSI6MTc4MzAwNjE0NX0sIkRhdGVMZXNzVGhhbiI6eyJBV1M6RXBvY2hUaW1lIjoxNzg1NTk4MTU1fX19XX0_&Signature=J1B4GO~jK50qCclmZaLqEC4jS8HnroIZvmJhMMJWSB9ZnBOYo~7fF23HTCopGFoluN8972aUkxaMCLAyLek8h9V5GfEvmGgh-dsq4-dm9FKFfb-8iGeF18mnVqI1SLg4XVMCW1D7xbBrpRNJIkT0wYxlMmqE5szT8OhYL7W38tb3CQpXEMuIjnNHDvuT8u2xxXpOzT8Ke-ZxPcNBE68WIRUQvhaQqufhtszvf0DsGeShyvqcJ2EhuxhHo96N0fujI7pApmBrdI7N-g5qx5VSopBDEvQ~v77dR-qgfaf3pzk1jiz8gJnhF7xDEKSSmKVr4SgIrN-n7kgzqiXa5fplLA__&Key-Pair-Id=K3R4N4FU6US991,0,,
Shaswat Bajpai,Product Developer Associate,shaswat.bajpai@gensuitellc.com,700001328,9-Dec-25,Associate,Product Fulfillment,Product Development and Operations,Super Group A,Alonzo Gomez,Training and Contractor Mgmt,Priyanka Naik,Health and Safety; Contractor Mgmt,Deepak MS,India,Bangalore,Deepak MS,N/A,Employee,No,,9-Jun-25,944,222,Deepak MS,,,,,,https://resources.bamboohr.com/images/photo_person_160x160.png,0,,
Srinivasulu Avula,Product Developer Associate,srinivasulu.avula@gensuitellc.com,700001329,9-Dec-25,Associate,Product Fulfillment,Product Development and Operations,Super Group A,Alonzo Gomez,Training and Contractor Mgmt,Priyanka Naik,Health and Safety; Contractor Mgmt,Deepak MS,India,Bangalore,Deepak MS,N/A,Employee,No,,9-Jun-25,945,222,Deepak MS,,,,,,https://images7.bamboohr.com/590710/photos/945-2-4.jpg?Policy=eyJTdGF0ZW1lbnQiOlt7IlJlc291cmNlIjoiaHR0cHM6Ly9pbWFnZXM3LmJhbWJvb2hyLmNvbS81OTA3MTAvKiIsIkNvbmRpdGlvbiI6eyJEYXRlR3JlYXRlclRoYW4iOnsiQVdTOkVwb2NoVGltZSI6MTc4MzAwNjE0NX0sIkRhdGVMZXNzVGhhbiI6eyJBV1M6RXBvY2hUaW1lIjoxNzg1NTk4MTU1fX19XX0_&Signature=J1B4GO~jK50qCclmZaLqEC4jS8HnroIZvmJhMMJWSB9ZnBOYo~7fF23HTCopGFoluN8972aUkxaMCLAyLek8h9V5GfEvmGgh-dsq4-dm9FKFfb-8iGeF18mnVqI1SLg4XVMCW1D7xbBrpRNJIkT0wYxlMmqE5szT8OhYL7W38tb3CQpXEMuIjnNHDvuT8u2xxXpOzT8Ke-ZxPcNBE68WIRUQvhaQqufhtszvf0DsGeShyvqcJ2EhuxhHo96N0fujI7pApmBrdI7N-g5qx5VSopBDEvQ~v77dR-qgfaf3pzk1jiz8gJnhF7xDEKSSmKVr4SgIrN-n7kgzqiXa5fplLA__&Key-Pair-Id=K3R4N4FU6US991,0,,
Vaishnavi Punnuri,Product Developer Associate,vaishnavi.punnuri@gensuitellc.com,700001241,19-Feb-25,Associate,Product Fulfillment,Product Development and Operations,Super Group A,Alonzo Gomez,Action and Obligation Tracking,Alonzo Gomez,Action and Obligation Tracking,Rahul Jha,India,Bangalore,Rahul Jha,N/A,Employee,No,,19-Aug-24,840,436,Rahul Jha,,,,,,https://images7.bamboohr.com/590710/photos/840-3-4.jpg?Policy=eyJTdGF0ZW1lbnQiOlt7IlJlc291cmNlIjoiaHR0cHM6Ly9pbWFnZXM3LmJhbWJvb2hyLmNvbS81OTA3MTAvKiIsIkNvbmRpdGlvbiI6eyJEYXRlR3JlYXRlclRoYW4iOnsiQVdTOkVwb2NoVGltZSI6MTc4MzAwNjE0NX0sIkRhdGVMZXNzVGhhbiI6eyJBV1M6RXBvY2hUaW1lIjoxNzg1NTk4MTU1fX19XX0_&Signature=J1B4GO~jK50qCclmZaLqEC4jS8HnroIZvmJhMMJWSB9ZnBOYo~7fF23HTCopGFoluN8972aUkxaMCLAyLek8h9V5GfEvmGgh-dsq4-dm9FKFfb-8iGeF18mnVqI1SLg4XVMCW1D7xbBrpRNJIkT0wYxlMmqE5szT8OhYL7W38tb3CQpXEMuIjnNHDvuT8u2xxXpOzT8Ke-ZxPcNBE68WIRUQvhaQqufhtszvf0DsGeShyvqcJ2EhuxhHo96N0fujI7pApmBrdI7N-g5qx5VSopBDEvQ~v77dR-qgfaf3pzk1jiz8gJnhF7xDEKSSmKVr4SgIrN-n7kgzqiXa5fplLA__&Key-Pair-Id=K3R4N4FU6US991,0,,
Yash Arora,Product Developer Associate,yash.arora@gensuitellc.com,700001541,,Associate,Product Fulfillment,Product Development and Operations,Super Group A,Alonzo Gomez,Training and Contractor Mgmt,Priyanka Naik,Health and Safety; Contractor Mgmt,Deepak MS,India,Bangalore,Deepak MS,Priyanka Naik,Employee,No,,23-Mar-26,1075,222,Deepak MS,,,,,,https://images7.bamboohr.com/590710/photos/1075-0-4.jpg?Policy=eyJTdGF0ZW1lbnQiOlt7IlJlc291cmNlIjoiaHR0cHM6Ly9pbWFnZXM3LmJhbWJvb2hyLmNvbS81OTA3MTAvKiIsIkNvbmRpdGlvbiI6eyJEYXRlR3JlYXRlclRoYW4iOnsiQVdTOkVwb2NoVGltZSI6MTc4MzAwNjE0NX0sIkRhdGVMZXNzVGhhbiI6eyJBV1M6RXBvY2hUaW1lIjoxNzg1NTk4MTU1fX19XX0_&Signature=J1B4GO~jK50qCclmZaLqEC4jS8HnroIZvmJhMMJWSB9ZnBOYo~7fF23HTCopGFoluN8972aUkxaMCLAyLek8h9V5GfEvmGgh-dsq4-dm9FKFfb-8iGeF18mnVqI1SLg4XVMCW1D7xbBrpRNJIkT0wYxlMmqE5szT8OhYL7W38tb3CQpXEMuIjnNHDvuT8u2xxXpOzT8Ke-ZxPcNBE68WIRUQvhaQqufhtszvf0DsGeShyvqcJ2EhuxhHo96N0fujI7pApmBrdI7N-g5qx5VSopBDEvQ~v77dR-qgfaf3pzk1jiz8gJnhF7xDEKSSmKVr4SgIrN-n7kgzqiXa5fplLA__&Key-Pair-Id=K3R4N4FU6US991,0,,
Antonyponnavin J,Product Developer - Consultant,antonyponnavin.j@gensuitellc.com,900000042,,Contractor,Product Fulfillment,Product Development and Operations,Super Group A,Alonzo Gomez,EHS,Juan Palacios,Health and Safety; PTW,Sebastian Ramirez,India,Bangalore,Juan Palacios,N/A,Contractor,No,,11-Aug-25,963,664,Juan Palacios,,,,,,https://images7.bamboohr.com/590710/photos/963-0-4.jpg?Policy=eyJTdGF0ZW1lbnQiOlt7IlJlc291cmNlIjoiaHR0cHM6Ly9pbWFnZXM3LmJhbWJvb2hyLmNvbS81OTA3MTAvKiIsIkNvbmRpdGlvbiI6eyJEYXRlR3JlYXRlclRoYW4iOnsiQVdTOkVwb2NoVGltZSI6MTc4MzAwNjE0NX0sIkRhdGVMZXNzVGhhbiI6eyJBV1M6RXBvY2hUaW1lIjoxNzg1NTk4MTU1fX19XX0_&Signature=J1B4GO~jK50qCclmZaLqEC4jS8HnroIZvmJhMMJWSB9ZnBOYo~7fF23HTCopGFoluN8972aUkxaMCLAyLek8h9V5GfEvmGgh-dsq4-dm9FKFfb-8iGeF18mnVqI1SLg4XVMCW1D7xbBrpRNJIkT0wYxlMmqE5szT8OhYL7W38tb3CQpXEMuIjnNHDvuT8u2xxXpOzT8Ke-ZxPcNBE68WIRUQvhaQqufhtszvf0DsGeShyvqcJ2EhuxhHo96N0fujI7pApmBrdI7N-g5qx5VSopBDEvQ~v77dR-qgfaf3pzk1jiz8gJnhF7xDEKSSmKVr4SgIrN-n7kgzqiXa5fplLA__&Key-Pair-Id=K3R4N4FU6US991,0,,
Alonzo Gomez,"Director, Product Development and Operations",Alonzo.Gomez@gensuitellc.com,502311498,8-Jan-25,Director,Product Fulfillment,Product Development and Operations,Super Group A,Alonzo Gomez,N/A,,,,Mexico,Aguascalientes,Joel Halpern,N/A,Employee,No,,19-May-14,589,282,Joel Halpern,,,,,,https://images7.bamboohr.com/590710/photos/589-3-4.jpg?Policy=eyJTdGF0ZW1lbnQiOlt7IlJlc291cmNlIjoiaHR0cHM6Ly9pbWFnZXM3LmJhbWJvb2hyLmNvbS81OTA3MTAvKiIsIkNvbmRpdGlvbiI6eyJEYXRlR3JlYXRlclRoYW4iOnsiQVdTOkVwb2NoVGltZSI6MTc4MzAwNjE0NX0sIkRhdGVMZXNzVGhhbiI6eyJBV1M6RXBvY2hUaW1lIjoxNzg1NTk4MTU1fX19XX0_&Signature=J1B4GO~jK50qCclmZaLqEC4jS8HnroIZvmJhMMJWSB9ZnBOYo~7fF23HTCopGFoluN8972aUkxaMCLAyLek8h9V5GfEvmGgh-dsq4-dm9FKFfb-8iGeF18mnVqI1SLg4XVMCW1D7xbBrpRNJIkT0wYxlMmqE5szT8OhYL7W38tb3CQpXEMuIjnNHDvuT8u2xxXpOzT8Ke-ZxPcNBE68WIRUQvhaQqufhtszvf0DsGeShyvqcJ2EhuxhHo96N0fujI7pApmBrdI7N-g5qx5VSopBDEvQ~v77dR-qgfaf3pzk1jiz8gJnhF7xDEKSSmKVr4SgIrN-n7kgzqiXa5fplLA__&Key-Pair-Id=K3R4N4FU6US991,117,App Director: 11; App Executive: 28; App Lead: 1; App Manager: 8; Application Error Notifications: 20; Group Lead: 9; Super Group Lead: 40,"ANVL (Super Group Lead); Action Plan Manager (Application Error Notifications, Super Group Lead); Action Tracking System (App Executive, Group Lead, Super Group Lead); AirLog (App Director, App Executive, Super Group Lead); Audit Assistant (App Executive, Application Error Notifications, Group Lead, Super Group Lead); Audit Planner (App Executive, Group Lead, Super Group Lead); Behavior Based Quality (App Executive, Super Group Lead); Benchmark Gensuite University (App Executive, Super Group Lead); Best Practices (App Director, App Executive, Super Group Lead); Compliance Calendar (App Executive, Application Error Notifications, Group Lead, Super Group Lead); Contractor Safety (Super Group Lead); Digital FMEA [Safety Risk Assessment (JSA)] (App Executive, App Manager, Application Error Notifications, Super Group Lead); Discussion Groups (App Director, App Executive, Super Group Lead); EHS Project Tracker (Application Error Notifications, Super Group Lead); EHS Sample Management (App Executive, Super Group Lead); Ergo Evaluator (App Director, App Executive, App Manager, Super Group Lead); Ergo Facilitator (App Director, App Executive, App Manager, Super Group Lead); FCC (Application Error Notifications); Industrial Hygiene (Application Error Notifications, Super Group Lead); LOTO (Super Group Lead); Materiality Advisor (App Director, App Executive); My LMS (Application Error Notifications, Super Group Lead); ODS Sentinel (App Director, App Executive, Super Group Lead); PPE Manager (Super Group Lead); Process Director (Application Error Notifications, Super Group Lead); Project Calendar (App Executive, Application Error Notifications, Group Lead, Super Group Lead); Quality Action Tracking System [Action Tracking System] (App Executive, Group Lead, Super Group Lead); Quality Audit Assistant [Audit Assistant] (App Executive, Application Error Notifications, Group Lead, Super Group Lead); Quality Compliance Calendar [Compliance Calendar] (App Executive, Application Error Notifications, Group Lead, Super Group Lead); Quality My LMS [My LMS] (Application Error Notifications, Super Group Lead); Quality Training Tracker [Training Tracker] (Application Error Notifications, Super Group Lead); Risk Registry (App Director, App Executive, Super Group Lead); Risk Registry 2.0 (App Director, App Manager); SAFER (App Executive, Application Error Notifications, Group Lead, Super Group Lead); Safe Leader (Application Error Notifications); Safe Student (Application Error Notifications); Safe Work Permit (App Director, App Executive, App Manager, Super Group Lead); Safety Dialogue (App Executive, App Manager, Super Group Lead); Safety Matrix (App Executive, App Manager, Super Group Lead); Safety Observations (App Executive, Super Group Lead); Safety Risk Assessment (JSA) (App Executive, App Manager, Application Error Notifications, Super Group Lead); Site List Tracker (App Lead); Survey Engine (Super Group Lead); Training Calendar (Application Error Notifications, Super Group Lead); Training Tracker (Application Error Notifications, Super Group Lead); Water Watch (App Director, App Executive, Super Group Lead); Workforce Development (App Executive)"
Chethan Sivaramappa,Lead Product Developer,chethan.sivaramappa@gensuitellc.com,700001016,1-Mar-26,Lead Analyst / Specialist / Developer,Product Fulfillment,Product Development and Operations,Super Group A,Alonzo Gomez,Action and Obligation Tracking,Alonzo Gomez,Action and Obligation Tracking,Rahul Jha,India,Bangalore,Rahul Jha,N/A,Employee,No,,2-Jan-23,202,436,Rahul Jha,,,,,,https://images7.bamboohr.com/590710/photos/202-1-4.jpg?Policy=eyJTdGF0ZW1lbnQiOlt7IlJlc291cmNlIjoiaHR0cHM6Ly9pbWFnZXM3LmJhbWJvb2hyLmNvbS81OTA3MTAvKiIsIkNvbmRpdGlvbiI6eyJEYXRlR3JlYXRlclRoYW4iOnsiQVdTOkVwb2NoVGltZSI6MTc4MzAwNjE0NX0sIkRhdGVMZXNzVGhhbiI6eyJBV1M6RXBvY2hUaW1lIjoxNzg1NTk4MTU1fX19XX0_&Signature=J1B4GO~jK50qCclmZaLqEC4jS8HnroIZvmJhMMJWSB9ZnBOYo~7fF23HTCopGFoluN8972aUkxaMCLAyLek8h9V5GfEvmGgh-dsq4-dm9FKFfb-8iGeF18mnVqI1SLg4XVMCW1D7xbBrpRNJIkT0wYxlMmqE5szT8OhYL7W38tb3CQpXEMuIjnNHDvuT8u2xxXpOzT8Ke-ZxPcNBE68WIRUQvhaQqufhtszvf0DsGeShyvqcJ2EhuxhHo96N0fujI7pApmBrdI7N-g5qx5VSopBDEvQ~v77dR-qgfaf3pzk1jiz8gJnhF7xDEKSSmKVr4SgIrN-n7kgzqiXa5fplLA__&Key-Pair-Id=K3R4N4FU6US991,0,,
Jesus Sandoval,Lead Product Developer,jesus.sandoval@gensuitellc.com,700001537,,Lead Analyst / Specialist / Developer,Product Fulfillment,Product Development and Operations,Super Group A,Alonzo Gomez,Training and Contractor Mgmt,Priyanka Naik,Health and Safety; Contractor Mgmt,Deepak MS,Mexico,Aguascalientes,Alonzo Gomez,N/A,Employee,No,,9-Mar-26,1059,589,Alonzo Gomez,,,,,,https://images7.bamboohr.com/590710/photos/1059-0-4.jpg?Policy=eyJTdGF0ZW1lbnQiOlt7IlJlc291cmNlIjoiaHR0cHM6Ly9pbWFnZXM3LmJhbWJvb2hyLmNvbS81OTA3MTAvKiIsIkNvbmRpdGlvbiI6eyJEYXRlR3JlYXRlclRoYW4iOnsiQVdTOkVwb2NoVGltZSI6MTc4MzAwNjE0NX0sIkRhdGVMZXNzVGhhbiI6eyJBV1M6RXBvY2hUaW1lIjoxNzg1NTk4MTU1fX19XX0_&Signature=J1B4GO~jK50qCclmZaLqEC4jS8HnroIZvmJhMMJWSB9ZnBOYo~7fF23HTCopGFoluN8972aUkxaMCLAyLek8h9V5GfEvmGgh-dsq4-dm9FKFfb-8iGeF18mnVqI1SLg4XVMCW1D7xbBrpRNJIkT0wYxlMmqE5szT8OhYL7W38tb3CQpXEMuIjnNHDvuT8u2xxXpOzT8Ke-ZxPcNBE68WIRUQvhaQqufhtszvf0DsGeShyvqcJ2EhuxhHo96N0fujI7pApmBrdI7N-g5qx5VSopBDEvQ~v77dR-qgfaf3pzk1jiz8gJnhF7xDEKSSmKVr4SgIrN-n7kgzqiXa5fplLA__&Key-Pair-Id=K3R4N4FU6US991,0,,
Aaron Olvera,"Associate Leader, Product Development and Operations",Aaron.Olvera@gensuitellc.com,502391055,8-Jan-25,Leader,Product Fulfillment,Product Development and Operations,Super Group A,Alonzo Gomez,EHS,Juan Palacios,Environmental,Aaron Olvera,Mexico,Aguascalientes,Alonzo Gomez,N/A,Employee,No,,5-Jan-15,574,589,Alonzo Gomez,,,,,,https://images7.bamboohr.com/590710/photos/574-0-4.jpg?Policy=eyJTdGF0ZW1lbnQiOlt7IlJlc291cmNlIjoiaHR0cHM6Ly9pbWFnZXM3LmJhbWJvb2hyLmNvbS81OTA3MTAvKiIsIkNvbmRpdGlvbiI6eyJEYXRlR3JlYXRlclRoYW4iOnsiQVdTOkVwb2NoVGltZSI6MTc4MzAwNjE0NX0sIkRhdGVMZXNzVGhhbiI6eyJBV1M6RXBvY2hUaW1lIjoxNzg1NTk4MTU1fX19XX0_&Signature=J1B4GO~jK50qCclmZaLqEC4jS8HnroIZvmJhMMJWSB9ZnBOYo~7fF23HTCopGFoluN8972aUkxaMCLAyLek8h9V5GfEvmGgh-dsq4-dm9FKFfb-8iGeF18mnVqI1SLg4XVMCW1D7xbBrpRNJIkT0wYxlMmqE5szT8OhYL7W38tb3CQpXEMuIjnNHDvuT8u2xxXpOzT8Ke-ZxPcNBE68WIRUQvhaQqufhtszvf0DsGeShyvqcJ2EhuxhHo96N0fujI7pApmBrdI7N-g5qx5VSopBDEvQ~v77dR-qgfaf3pzk1jiz8gJnhF7xDEKSSmKVr4SgIrN-n7kgzqiXa5fplLA__&Key-Pair-Id=K3R4N4FU6US991,17,Advisor: 2; App Director: 1; App Manager: 7; Unit Lead: 7,"AirLog (App Manager, Unit Lead); Best Practices (App Manager, Unit Lead); Discussion Groups (App Manager, Unit Lead); EHS Sample Management (App Director, Unit Lead); Materiality Advisor (App Manager); ODS Sentinel (App Manager, Unit Lead); Risk Registry (App Manager, Unit Lead); Waste Generation Reporting (Advisor); Waste Vendor Repository (Advisor); Water Watch (App Manager, Unit Lead)"
Francisco Sanchez,"Associate Leader, Product Development and Operations",Francisco.Sanchez@gensuitellc.com,700000170,25-Jun-25,Leader,Product Fulfillment,Product Development and Operations,Super Group A,Alonzo Gomez,EHS,Juan Palacios,Environmental,Aaron Olvera,Mexico,Aguascalientes,Aaron Olvera,Alonzo Gomez,Employee,No,,13-Mar-17,641,574,Aaron Olvera,,,,,,https://images7.bamboohr.com/590710/photos/641-0-4.jpg?Policy=eyJTdGF0ZW1lbnQiOlt7IlJlc291cmNlIjoiaHR0cHM6Ly9pbWFnZXM3LmJhbWJvb2hyLmNvbS81OTA3MTAvKiIsIkNvbmRpdGlvbiI6eyJEYXRlR3JlYXRlclRoYW4iOnsiQVdTOkVwb2NoVGltZSI6MTc4MzAwNjE0NX0sIkRhdGVMZXNzVGhhbiI6eyJBV1M6RXBvY2hUaW1lIjoxNzg1NTk4MTU1fX19XX0_&Signature=J1B4GO~jK50qCclmZaLqEC4jS8HnroIZvmJhMMJWSB9ZnBOYo~7fF23HTCopGFoluN8972aUkxaMCLAyLek8h9V5GfEvmGgh-dsq4-dm9FKFfb-8iGeF18mnVqI1SLg4XVMCW1D7xbBrpRNJIkT0wYxlMmqE5szT8OhYL7W38tb3CQpXEMuIjnNHDvuT8u2xxXpOzT8Ke-ZxPcNBE68WIRUQvhaQqufhtszvf0DsGeShyvqcJ2EhuxhHo96N0fujI7pApmBrdI7N-g5qx5VSopBDEvQ~v77dR-qgfaf3pzk1jiz8gJnhF7xDEKSSmKVr4SgIrN-n7kgzqiXa5fplLA__&Key-Pair-Id=K3R4N4FU6US991,11,App Lead: 10; App Manager: 1,"AirLog (App Lead); Attachments (App Lead); Best Practices (App Lead); Discussion Groups (App Lead); EHS Sample Management (App Lead, App Manager); Materiality Advisor (App Lead); ODS Sentinel (App Lead); Risk Registry (App Lead); Risk Registry 2.0 (App Lead); Water Watch (App Lead)"
Juan Palacios,"Leader, Product Development and Operations",Juan.Palacios@gensuitellc.com,700000340,2-Apr-25,Leader,Product Fulfillment,Product Development and Operations,Super Group A,Alonzo Gomez,EHS,Juan Palacios,,,Mexico,Aguascalientes,Alonzo Gomez,N/A,Employee,No,,9-Jul-18,664,589,Alonzo Gomez,,,,,,https://images7.bamboohr.com/590710/photos/664-0-4.jpg?Policy=eyJTdGF0ZW1lbnQiOlt7IlJlc291cmNlIjoiaHR0cHM6Ly9pbWFnZXM3LmJhbWJvb2hyLmNvbS81OTA3MTAvKiIsIkNvbmRpdGlvbiI6eyJEYXRlR3JlYXRlclRoYW4iOnsiQVdTOkVwb2NoVGltZSI6MTc4MzAwNjE0NX0sIkRhdGVMZXNzVGhhbiI6eyJBV1M6RXBvY2hUaW1lIjoxNzg1NTk4MTU1fX19XX0_&Signature=J1B4GO~jK50qCclmZaLqEC4jS8HnroIZvmJhMMJWSB9ZnBOYo~7fF23HTCopGFoluN8972aUkxaMCLAyLek8h9V5GfEvmGgh-dsq4-dm9FKFfb-8iGeF18mnVqI1SLg4XVMCW1D7xbBrpRNJIkT0wYxlMmqE5szT8OhYL7W38tb3CQpXEMuIjnNHDvuT8u2xxXpOzT8Ke-ZxPcNBE68WIRUQvhaQqufhtszvf0DsGeShyvqcJ2EhuxhHo96N0fujI7pApmBrdI7N-g5qx5VSopBDEvQ~v77dR-qgfaf3pzk1jiz8gJnhF7xDEKSSmKVr4SgIrN-n7kgzqiXa5fplLA__&Key-Pair-Id=K3R4N4FU6US991,33,App Director: 7; App Lead: 9; App Manager: 1; Group Lead: 16,"AirLog (Group Lead); Behavior Based Quality (App Director, App Lead, Group Lead); Best Practices (Group Lead); Digital FMEA [Safety Risk Assessment (JSA)] (App Director, App Lead, Group Lead); Discussion Groups (Group Lead); EHS Sample Management (Group Lead); Ergo Evaluator (App Lead, Group Lead); Ergo Facilitator (App Lead, Group Lead); ODS Sentinel (Group Lead); Risk Registry (Group Lead); Safe Work Permit (App Lead, Group Lead); Safety Dialogue (App Director, App Lead, Group Lead); Safety Matrix (App Director, App Lead, Group Lead); Safety Observations (App Director, App Lead, Group Lead); Safety Risk Assessment (JSA) (App Director, App Lead, Group Lead); Water Watch (Group Lead); Workforce Development (App Director, App Manager)"
Rahul Jha,"Associate Leader, Product Development and Operations",rahul.jha@gensuitellc.com,700000293,1-Apr-25,Leader,Product Fulfillment,Product Development and Operations,Super Group A,Alonzo Gomez,Action and Obligation Tracking,Alonzo Gomez,Action and Obligation Tracking,Rahul Jha,India,Mumbai,Alonzo Gomez,N/A,Employee,No,,9-Apr-18,436,589,Alonzo Gomez,,,,,,https://resources.bamboohr.com/images/photo_person_160x160.png,16,App Director: 9; App Lead: 4; App Manager: 3,"Action Tracking System (App Director, App Manager); Audit Assistant (App Director); Audit Planner (App Director, App Lead, App Manager); Compliance Calendar (App Director, App Lead); Project Calendar (App Director, App Lead); Quality Action Tracking System [Action Tracking System] (App Director, App Manager); Quality Audit Assistant [Audit Assistant] (App Director); Quality Compliance Calendar [Compliance Calendar] (App Director, App Lead); SAFER (App Director)"
Luis Castaneda,Product Development Manager,luis.castaneda@gensuitellc.com,700000923,23-Jul-25,Manager,Product Fulfillment,Product Development and Operations,Super Group A,Alonzo Gomez,EHS,Juan Palacios,Health and Safety; PTW,Sebastian Ramirez,Mexico,Aguascalientes,Sebastian Ramirez,N/A,Employee,No,,20-Jun-22,674,717,Sebastian Ramirez,,,,,,https://images7.bamboohr.com/590710/photos/674-0-4.jpg?Policy=eyJTdGF0ZW1lbnQiOlt7IlJlc291cmNlIjoiaHR0cHM6Ly9pbWFnZXM3LmJhbWJvb2hyLmNvbS81OTA3MTAvKiIsIkNvbmRpdGlvbiI6eyJEYXRlR3JlYXRlclRoYW4iOnsiQVdTOkVwb2NoVGltZSI6MTc4MzAwNjE0NX0sIkRhdGVMZXNzVGhhbiI6eyJBV1M6RXBvY2hUaW1lIjoxNzg1NTk4MTU1fX19XX0_&Signature=J1B4GO~jK50qCclmZaLqEC4jS8HnroIZvmJhMMJWSB9ZnBOYo~7fF23HTCopGFoluN8972aUkxaMCLAyLek8h9V5GfEvmGgh-dsq4-dm9FKFfb-8iGeF18mnVqI1SLg4XVMCW1D7xbBrpRNJIkT0wYxlMmqE5szT8OhYL7W38tb3CQpXEMuIjnNHDvuT8u2xxXpOzT8Ke-ZxPcNBE68WIRUQvhaQqufhtszvf0DsGeShyvqcJ2EhuxhHo96N0fujI7pApmBrdI7N-g5qx5VSopBDEvQ~v77dR-qgfaf3pzk1jiz8gJnhF7xDEKSSmKVr4SgIrN-n7kgzqiXa5fplLA__&Key-Pair-Id=K3R4N4FU6US991,0,,
Mataan Abucar,Senior Product Developer,Mataan.Abucar@gensuitellc.com,700000347,2-Dec-24,Senior Analyst / Developer / Specialist,Product Fulfillment,Product Development and Operations,Super Group A,Alonzo Gomez,Action and Obligation Tracking,Alonzo Gomez,Action and Obligation Tracking,Rahul Jha,U.S.,Cincinnati,Alonzo Gomez,Rahul Jha,Employee,No,,23-Jul-18,355,589,Alonzo Gomez,Engineering Operations,Senior Analyst/Developer/Specialist,,Mataan.Abucar@benchmarkgensuite.com,"Cincinnati, USA",https://images7.bamboohr.com/590710/photos/355-0-4.jpg?Policy=eyJTdGF0ZW1lbnQiOlt7IlJlc291cmNlIjoiaHR0cHM6Ly9pbWFnZXM3LmJhbWJvb2hyLmNvbS81OTA3MTAvKiIsIkNvbmRpdGlvbiI6eyJEYXRlR3JlYXRlclRoYW4iOnsiQVdTOkVwb2NoVGltZSI6MTc4MzAwNjE0NX0sIkRhdGVMZXNzVGhhbiI6eyJBV1M6RXBvY2hUaW1lIjoxNzg1NTk4MTU1fX19XX0_&Signature=J1B4GO~jK50qCclmZaLqEC4jS8HnroIZvmJhMMJWSB9ZnBOYo~7fF23HTCopGFoluN8972aUkxaMCLAyLek8h9V5GfEvmGgh-dsq4-dm9FKFfb-8iGeF18mnVqI1SLg4XVMCW1D7xbBrpRNJIkT0wYxlMmqE5szT8OhYL7W38tb3CQpXEMuIjnNHDvuT8u2xxXpOzT8Ke-ZxPcNBE68WIRUQvhaQqufhtszvf0DsGeShyvqcJ2EhuxhHo96N0fujI7pApmBrdI7N-g5qx5VSopBDEvQ~v77dR-qgfaf3pzk1jiz8gJnhF7xDEKSSmKVr4SgIrN-n7kgzqiXa5fplLA__&Key-Pair-Id=K3R4N4FU6US991,9,App Lead: 4; App Manager: 5,"Action Tracking System (App Lead); Audit Assistant (App Lead, App Manager); Compliance Calendar (App Manager); Quality Action Tracking System [Action Tracking System] (App Lead); Quality Audit Assistant [Audit Assistant] (App Lead, App Manager); Quality Compliance Calendar [Compliance Calendar] (App Manager); SAFER (App Manager)"
Pablo Merla,Senior Product Developer,pablo.merla@gensuitellc.com,700000977,27-May-26,Senior Analyst / Developer / Specialist,Product Fulfillment,Product Development and Operations,Super Group A,Alonzo Gomez,Training and Contractor Mgmt,Priyanka Naik,Training Compliance,Priyanka Naik,Mexico,Aguascalientes,Francisco Sanchez,Priyanka Naik,Employee,No,,10-Oct-22,700,641,Francisco Sanchez,,,,,,https://images7.bamboohr.com/590710/photos/700-0-4.jpg?Policy=eyJTdGF0ZW1lbnQiOlt7IlJlc291cmNlIjoiaHR0cHM6Ly9pbWFnZXM3LmJhbWJvb2hyLmNvbS81OTA3MTAvKiIsIkNvbmRpdGlvbiI6eyJEYXRlR3JlYXRlclRoYW4iOnsiQVdTOkVwb2NoVGltZSI6MTc4MzAwNjE0NX0sIkRhdGVMZXNzVGhhbiI6eyJBV1M6RXBvY2hUaW1lIjoxNzg1NTk4MTU1fX19XX0_&Signature=J1B4GO~jK50qCclmZaLqEC4jS8HnroIZvmJhMMJWSB9ZnBOYo~7fF23HTCopGFoluN8972aUkxaMCLAyLek8h9V5GfEvmGgh-dsq4-dm9FKFfb-8iGeF18mnVqI1SLg4XVMCW1D7xbBrpRNJIkT0wYxlMmqE5szT8OhYL7W38tb3CQpXEMuIjnNHDvuT8u2xxXpOzT8Ke-ZxPcNBE68WIRUQvhaQqufhtszvf0DsGeShyvqcJ2EhuxhHo96N0fujI7pApmBrdI7N-g5qx5VSopBDEvQ~v77dR-qgfaf3pzk1jiz8gJnhF7xDEKSSmKVr4SgIrN-n7kgzqiXa5fplLA__&Key-Pair-Id=K3R4N4FU6US991,0,,
Priyanka Naik,"Senior Leader, Product Development and Operations",priyanka.naik@gensuitellc.com,502347383,2-May-25,Senior Leader,Product Fulfillment,Product Development and Operations,Super Group A,Alonzo Gomez,Training and Contractor Mgmt,Priyanka Naik,,,India,Mumbai,Alonzo Gomez,N/A,Employee,No,,8-Sep-14,425,589,Alonzo Gomez,,,,,,https://images7.bamboohr.com/590710/photos/425-0-4.jpg?Policy=eyJTdGF0ZW1lbnQiOlt7IlJlc291cmNlIjoiaHR0cHM6Ly9pbWFnZXM3LmJhbWJvb2hyLmNvbS81OTA3MTAvKiIsIkNvbmRpdGlvbiI6eyJEYXRlR3JlYXRlclRoYW4iOnsiQVdTOkVwb2NoVGltZSI6MTc4MzAwNjE0NX0sIkRhdGVMZXNzVGhhbiI6eyJBV1M6RXBvY2hUaW1lIjoxNzg1NTk4MTU1fX19XX0_&Signature=J1B4GO~jK50qCclmZaLqEC4jS8HnroIZvmJhMMJWSB9ZnBOYo~7fF23HTCopGFoluN8972aUkxaMCLAyLek8h9V5GfEvmGgh-dsq4-dm9FKFfb-8iGeF18mnVqI1SLg4XVMCW1D7xbBrpRNJIkT0wYxlMmqE5szT8OhYL7W38tb3CQpXEMuIjnNHDvuT8u2xxXpOzT8Ke-ZxPcNBE68WIRUQvhaQqufhtszvf0DsGeShyvqcJ2EhuxhHo96N0fujI7pApmBrdI7N-g5qx5VSopBDEvQ~v77dR-qgfaf3pzk1jiz8gJnhF7xDEKSSmKVr4SgIrN-n7kgzqiXa5fplLA__&Key-Pair-Id=K3R4N4FU6US991,45,App Executive: 11; App Lead: 3; App Manager: 10; Group Lead: 14; Unit Lead: 7,"Action Plan Manager (App Executive, App Lead, App Manager, Group Lead, Unit Lead); Benchmark Gensuite University (Group Lead, Unit Lead); Contractor LMS (App Executive, App Manager); Contractor Safety (App Executive, Group Lead); EHS Project Tracker (Group Lead); HR Performance Appraisal (App Executive, App Manager); Industrial Hygiene (Group Lead); LOTO (Group Lead); My LMS (App Executive, App Manager, Group Lead, Unit Lead); PPE Manager (Group Lead); Process Director (Group Lead); Quality My LMS [My LMS] (App Executive, App Manager, Group Lead, Unit Lead); Quality Training Tracker [Training Tracker] (App Executive, App Manager, Group Lead, Unit Lead); Safe Leader (App Executive, App Lead, App Manager); Safe Student (App Executive, App Lead, App Manager); Survey Engine (Group Lead); Training Calendar (App Executive, App Manager, Group Lead, Unit Lead); Training Tracker (App Executive, App Manager, Group Lead, Unit Lead)"
Deepak MS,Senior Product Development Manager,deepak.ms@gensuitellc.com,700000444,2-May-24,Senior Manager,Product Fulfillment,Product Development and Operations,Super Group A,Alonzo Gomez,Training and Contractor Mgmt,Priyanka Naik,Health and Safety; Contractor Mgmt,Deepak MS,India,Bangalore,Priyanka Naik,N/A,Employee,No,GLP East,11-Mar-19,222,425,Priyanka Naik,,,,,,https://resources.bamboohr.com/images/photo_person_160x160.png,17,App Associate: 1; App Lead: 8; App Manager: 8,"Contractor Safety (App Lead, App Manager); EHS Project Tracker (App Lead, App Manager); FCC (App Associate, App Lead, App Manager); Industrial Hygiene (App Lead, App Manager); LOTO (App Lead, App Manager); PPE Manager (App Lead, App Manager); Process Director (App Lead, App Manager); Survey Engine (App Lead, App Manager)"
Sebastian Ramirez,Senior Product Development Manager,sebastian.ramirez@gensuitellc.com,700001034,20-Aug-25,Senior Manager,Product Fulfillment,Product Development and Operations,Super Group A,Alonzo Gomez,EHS,Juan Palacios,Health and Safety; PTW,Sebastian Ramirez,Mexico,Aguascalientes,Juan Palacios,N/A,Employee,No,,6-Mar-23,717,664,Juan Palacios,,,,,,https://images7.bamboohr.com/590710/photos/717-2-4.jpg?Policy=eyJTdGF0ZW1lbnQiOlt7IlJlc291cmNlIjoiaHR0cHM6Ly9pbWFnZXM3LmJhbWJvb2hyLmNvbS81OTA3MTAvKiIsIkNvbmRpdGlvbiI6eyJEYXRlR3JlYXRlclRoYW4iOnsiQVdTOkVwb2NoVGltZSI6MTc4MzAwNjE0NX0sIkRhdGVMZXNzVGhhbiI6eyJBV1M6RXBvY2hUaW1lIjoxNzg1NTk4MTU1fX19XX0_&Signature=J1B4GO~jK50qCclmZaLqEC4jS8HnroIZvmJhMMJWSB9ZnBOYo~7fF23HTCopGFoluN8972aUkxaMCLAyLek8h9V5GfEvmGgh-dsq4-dm9FKFfb-8iGeF18mnVqI1SLg4XVMCW1D7xbBrpRNJIkT0wYxlMmqE5szT8OhYL7W38tb3CQpXEMuIjnNHDvuT8u2xxXpOzT8Ke-ZxPcNBE68WIRUQvhaQqufhtszvf0DsGeShyvqcJ2EhuxhHo96N0fujI7pApmBrdI7N-g5qx5VSopBDEvQ~v77dR-qgfaf3pzk1jiz8gJnhF7xDEKSSmKVr4SgIrN-n7kgzqiXa5fplLA__&Key-Pair-Id=K3R4N4FU6US991,12,App Lead: 1; App Manager: 2; Unit Lead: 9,"Behavior Based Quality (App Manager, Unit Lead); Digital FMEA [Safety Risk Assessment (JSA)] (Unit Lead); Ergo Evaluator (Unit Lead); Ergo Facilitator (Unit Lead); Safe Work Permit (Unit Lead); Safety Dialogue (Unit Lead); Safety Matrix (Unit Lead); Safety Observations (App Manager, Unit Lead); Safety Risk Assessment (JSA) (Unit Lead); Workforce Development (App Lead)"
Giovany Maldonado,Lead Product Developer,giovany.maldonado@gensuitellc.com,700000926,23-Aug-24,Lead Analyst / Specialist / Developer,Product Fulfillment,Product Development and Operations,Super Group B,Peter Rother,Sustainability and Reporting,Kirti Jadhav,Sustainability,Ujwala M,Mexico,San Luis Potosi,Isaac Esquivel,Ujwala M,Employee,No,,20-Jun-22,647,652,Isaac Esquivel,,,,,,https://images7.bamboohr.com/590710/photos/647-0-4.jpg?Policy=eyJTdGF0ZW1lbnQiOlt7IlJlc291cmNlIjoiaHR0cHM6Ly9pbWFnZXM3LmJhbWJvb2hyLmNvbS81OTA3MTAvKiIsIkNvbmRpdGlvbiI6eyJEYXRlR3JlYXRlclRoYW4iOnsiQVdTOkVwb2NoVGltZSI6MTc4MzAwNjE0NX0sIkRhdGVMZXNzVGhhbiI6eyJBV1M6RXBvY2hUaW1lIjoxNzg1NTk4MTU1fX19XX0_&Signature=J1B4GO~jK50qCclmZaLqEC4jS8HnroIZvmJhMMJWSB9ZnBOYo~7fF23HTCopGFoluN8972aUkxaMCLAyLek8h9V5GfEvmGgh-dsq4-dm9FKFfb-8iGeF18mnVqI1SLg4XVMCW1D7xbBrpRNJIkT0wYxlMmqE5szT8OhYL7W38tb3CQpXEMuIjnNHDvuT8u2xxXpOzT8Ke-ZxPcNBE68WIRUQvhaQqufhtszvf0DsGeShyvqcJ2EhuxhHo96N0fujI7pApmBrdI7N-g5qx5VSopBDEvQ~v77dR-qgfaf3pzk1jiz8gJnhF7xDEKSSmKVr4SgIrN-n7kgzqiXa5fplLA__&Key-Pair-Id=K3R4N4FU6US991,1,App Lead: 1,Credit Manager (App Lead)
Isaac Esquivel,Principal Product Development Manager,isaac.esquivel@gensuitellc.com,700000675,24-Dec-25,Manager,Product Fulfillment,Product Development and Operations,Super Group B,Peter Rother,Sustainability and Reporting,Kirti Jadhav,Sustainability,Ujwala M,Mexico,Aguascalientes,Juan Palacios,N/A,Employee,No,,19-Apr-21,652,664,Juan Palacios,,,,,,https://images7.bamboohr.com/590710/photos/652-0-4.jpg?Policy=eyJTdGF0ZW1lbnQiOlt7IlJlc291cmNlIjoiaHR0cHM6Ly9pbWFnZXM3LmJhbWJvb2hyLmNvbS81OTA3MTAvKiIsIkNvbmRpdGlvbiI6eyJEYXRlR3JlYXRlclRoYW4iOnsiQVdTOkVwb2NoVGltZSI6MTc4MzAwNjE0NX0sIkRhdGVMZXNzVGhhbiI6eyJBV1M6RXBvY2hUaW1lIjoxNzg1NTk4MTU1fX19XX0_&Signature=J1B4GO~jK50qCclmZaLqEC4jS8HnroIZvmJhMMJWSB9ZnBOYo~7fF23HTCopGFoluN8972aUkxaMCLAyLek8h9V5GfEvmGgh-dsq4-dm9FKFfb-8iGeF18mnVqI1SLg4XVMCW1D7xbBrpRNJIkT0wYxlMmqE5szT8OhYL7W38tb3CQpXEMuIjnNHDvuT8u2xxXpOzT8Ke-ZxPcNBE68WIRUQvhaQqufhtszvf0DsGeShyvqcJ2EhuxhHo96N0fujI7pApmBrdI7N-g5qx5VSopBDEvQ~v77dR-qgfaf3pzk1jiz8gJnhF7xDEKSSmKVr4SgIrN-n7kgzqiXa5fplLA__&Key-Pair-Id=K3R4N4FU6US991,5,App Lead: 3; App Manager: 2,"Credit Manager (App Manager); Cross App Survey (App Lead, App Manager); Sustainability Projects (App Lead); Sustainability Prospector (App Lead)"
Daniel Rueda,Product Developer Associate,daniel.rueda@gensuitellc.com,700001247,,Associate,Product Fulfillment,Product Development and Operations,Super Group C,Uday Patel,Compliance and Equip Mgmt,Uday Patel,Incident and Change Mgmt,Karthik Alluru,Mexico,Aguascalientes,Sebastian Ramirez,Karthik Alluru,Employee,No,,10-Sep-24,848,717,Sebastian Ramirez,,,,,,https://images7.bamboohr.com/590710/photos/848-0-4.jpg?Policy=eyJTdGF0ZW1lbnQiOlt7IlJlc291cmNlIjoiaHR0cHM6Ly9pbWFnZXM3LmJhbWJvb2hyLmNvbS81OTA3MTAvKiIsIkNvbmRpdGlvbiI6eyJEYXRlR3JlYXRlclRoYW4iOnsiQVdTOkVwb2NoVGltZSI6MTc4MzAwNjE0NX0sIkRhdGVMZXNzVGhhbiI6eyJBV1M6RXBvY2hUaW1lIjoxNzg1NTk4MTU1fX19XX0_&Signature=J1B4GO~jK50qCclmZaLqEC4jS8HnroIZvmJhMMJWSB9ZnBOYo~7fF23HTCopGFoluN8972aUkxaMCLAyLek8h9V5GfEvmGgh-dsq4-dm9FKFfb-8iGeF18mnVqI1SLg4XVMCW1D7xbBrpRNJIkT0wYxlMmqE5szT8OhYL7W38tb3CQpXEMuIjnNHDvuT8u2xxXpOzT8Ke-ZxPcNBE68WIRUQvhaQqufhtszvf0DsGeShyvqcJ2EhuxhHo96N0fujI7pApmBrdI7N-g5qx5VSopBDEvQ~v77dR-qgfaf3pzk1jiz8gJnhF7xDEKSSmKVr4SgIrN-n7kgzqiXa5fplLA__&Key-Pair-Id=K3R4N4FU6US991,0,,
David Mejia,Product Development Manager,david.mejia@gensuitellc.com,700000859,28-May-25,Manager,Product Fulfillment,Product Development and Operations,Super Group C,Darpan Maheshwari,ISO Programs,Rajesh Namburi,Forms and Equipment Reliability,Rajesh Namburi,Mexico,Aguascalientes,Juan Palacios,Rajesh Namburi,Employee,No,,22-Mar-22,613,664,Juan Palacios,,,,,,https://images7.bamboohr.com/590710/photos/613-0-4.jpg?Policy=eyJTdGF0ZW1lbnQiOlt7IlJlc291cmNlIjoiaHR0cHM6Ly9pbWFnZXM3LmJhbWJvb2hyLmNvbS81OTA3MTAvKiIsIkNvbmRpdGlvbiI6eyJEYXRlR3JlYXRlclRoYW4iOnsiQVdTOkVwb2NoVGltZSI6MTc4MzAwNjE0NX0sIkRhdGVMZXNzVGhhbiI6eyJBV1M6RXBvY2hUaW1lIjoxNzg1NTk4MTU1fX19XX0_&Signature=J1B4GO~jK50qCclmZaLqEC4jS8HnroIZvmJhMMJWSB9ZnBOYo~7fF23HTCopGFoluN8972aUkxaMCLAyLek8h9V5GfEvmGgh-dsq4-dm9FKFfb-8iGeF18mnVqI1SLg4XVMCW1D7xbBrpRNJIkT0wYxlMmqE5szT8OhYL7W38tb3CQpXEMuIjnNHDvuT8u2xxXpOzT8Ke-ZxPcNBE68WIRUQvhaQqufhtszvf0DsGeShyvqcJ2EhuxhHo96N0fujI7pApmBrdI7N-g5qx5VSopBDEvQ~v77dR-qgfaf3pzk1jiz8gJnhF7xDEKSSmKVr4SgIrN-n7kgzqiXa5fplLA__&Key-Pair-Id=K3R4N4FU6US991,7,App Associate: 2; App Lead: 5,"Equipment Tracker (App Lead); Forms (App Lead); Maintenance Manager (App Lead); Quality Forms [ACE Forms] (App Lead); Tag-It-Bot (App Associate); Temperature Tracking (App Associate, App Lead)"
Jesus Valdes,Product Developer Associate,jesus.valdes@gensuitellc.com,700001536,,Associate,Product Fulfillment,Product Development and Operations,Super Group C,Uday Patel,Compliance and Equip Mgmt,Uday Patel,Incident and Change Mgmt,Karthik Alluru,Mexico,Aguascalientes,Alonzo Gomez,Deepak MS,Employee,No,,9-Mar-26,1058,589,Alonzo Gomez,,,,,,https://images7.bamboohr.com/590710/photos/1058-0-4.jpg?Policy=eyJTdGF0ZW1lbnQiOlt7IlJlc291cmNlIjoiaHR0cHM6Ly9pbWFnZXM3LmJhbWJvb2hyLmNvbS81OTA3MTAvKiIsIkNvbmRpdGlvbiI6eyJEYXRlR3JlYXRlclRoYW4iOnsiQVdTOkVwb2NoVGltZSI6MTc4MzAwNjE0NX0sIkRhdGVMZXNzVGhhbiI6eyJBV1M6RXBvY2hUaW1lIjoxNzg1NTk4MTU1fX19XX0_&Signature=J1B4GO~jK50qCclmZaLqEC4jS8HnroIZvmJhMMJWSB9ZnBOYo~7fF23HTCopGFoluN8972aUkxaMCLAyLek8h9V5GfEvmGgh-dsq4-dm9FKFfb-8iGeF18mnVqI1SLg4XVMCW1D7xbBrpRNJIkT0wYxlMmqE5szT8OhYL7W38tb3CQpXEMuIjnNHDvuT8u2xxXpOzT8Ke-ZxPcNBE68WIRUQvhaQqufhtszvf0DsGeShyvqcJ2EhuxhHo96N0fujI7pApmBrdI7N-g5qx5VSopBDEvQ~v77dR-qgfaf3pzk1jiz8gJnhF7xDEKSSmKVr4SgIrN-n7kgzqiXa5fplLA__&Key-Pair-Id=K3R4N4FU6US991,0,,
Julio Romo,Principal Product Development Manager,julio.romo@gensuitellc.com,700001103,24-Dec-25,Manager,Product Fulfillment,Product Development and Operations,Super Group C,Darpan Maheshwari,Compliance and Equip Mgmt,Uday Patel,,,Mexico,Aguascalientes,Juan Palacios,Uday Patel,Employee,No,,2-Oct-23,667,664,Juan Palacios,,,,,,https://images7.bamboohr.com/590710/photos/667-1-4.jpg?Policy=eyJTdGF0ZW1lbnQiOlt7IlJlc291cmNlIjoiaHR0cHM6Ly9pbWFnZXM3LmJhbWJvb2hyLmNvbS81OTA3MTAvKiIsIkNvbmRpdGlvbiI6eyJEYXRlR3JlYXRlclRoYW4iOnsiQVdTOkVwb2NoVGltZSI6MTc4MzAwNjE0NX0sIkRhdGVMZXNzVGhhbiI6eyJBV1M6RXBvY2hUaW1lIjoxNzg1NTk4MTU1fX19XX0_&Signature=J1B4GO~jK50qCclmZaLqEC4jS8HnroIZvmJhMMJWSB9ZnBOYo~7fF23HTCopGFoluN8972aUkxaMCLAyLek8h9V5GfEvmGgh-dsq4-dm9FKFfb-8iGeF18mnVqI1SLg4XVMCW1D7xbBrpRNJIkT0wYxlMmqE5szT8OhYL7W38tb3CQpXEMuIjnNHDvuT8u2xxXpOzT8Ke-ZxPcNBE68WIRUQvhaQqufhtszvf0DsGeShyvqcJ2EhuxhHo96N0fujI7pApmBrdI7N-g5qx5VSopBDEvQ~v77dR-qgfaf3pzk1jiz8gJnhF7xDEKSSmKVr4SgIrN-n7kgzqiXa5fplLA__&Key-Pair-Id=K3R4N4FU6US991,2,App Manager: 2,Inspection Tool (App Manager); Quality Inspection Tool [Inspection Tool] (App Manager)
Ruben Romo,Lead Product Developer,ruben.romo@gensuitellc.com,700000924,27-May-26,Lead Analyst / Specialist / Developer,Product Fulfillment,Product Development and Operations,Super Group C,Darpan Maheshwari,Compliance and Equip Mgmt,Uday Patel,Inspections and Compliance,Uday Patel,Mexico,Aguascalientes,Francisco Sanchez,Uday Patel,Employee,No,,20-Jun-22,711,641,Francisco Sanchez,,,,,,https://images7.bamboohr.com/590710/photos/711-0-4.jpg?Policy=eyJTdGF0ZW1lbnQiOlt7IlJlc291cmNlIjoiaHR0cHM6Ly9pbWFnZXM3LmJhbWJvb2hyLmNvbS81OTA3MTAvKiIsIkNvbmRpdGlvbiI6eyJEYXRlR3JlYXRlclRoYW4iOnsiQVdTOkVwb2NoVGltZSI6MTc4MzAwNjE0NX0sIkRhdGVMZXNzVGhhbiI6eyJBV1M6RXBvY2hUaW1lIjoxNzg1NTk4MTU1fX19XX0_&Signature=J1B4GO~jK50qCclmZaLqEC4jS8HnroIZvmJhMMJWSB9ZnBOYo~7fF23HTCopGFoluN8972aUkxaMCLAyLek8h9V5GfEvmGgh-dsq4-dm9FKFfb-8iGeF18mnVqI1SLg4XVMCW1D7xbBrpRNJIkT0wYxlMmqE5szT8OhYL7W38tb3CQpXEMuIjnNHDvuT8u2xxXpOzT8Ke-ZxPcNBE68WIRUQvhaQqufhtszvf0DsGeShyvqcJ2EhuxhHo96N0fujI7pApmBrdI7N-g5qx5VSopBDEvQ~v77dR-qgfaf3pzk1jiz8gJnhF7xDEKSSmKVr4SgIrN-n7kgzqiXa5fplLA__&Key-Pair-Id=K3R4N4FU6US991,7,App Associate: 1; App Lead: 4; App Manager: 2,"EHS Management System (App Associate, App Lead); Management Systems Scorecard (App Lead, App Manager); Risk Based Scorecard (App Lead); Tiered Scorecard (App Lead, App Manager)"
