Name,Email,App ID,Application,Role,Suite,Solution,Is App,Ready Enabled,Internal
Luis Gutierrez,luis.gutierrez@gensuitellc.com,34,Benchmark CRM,App Associate,Internal (non CARR),Business Process Tools,1,0,1
Luis Gutierrez,luis.gutierrez@gensuitellc.com,9161,Business Tracker,App Associate,Internal (non CARR),Business Process Tools,1,0,0
Luis Gutierrez,luis.gutierrez@gensuitellc.com,9161,Business Tracker,App Director,Internal (non CARR),Business Process Tools,1,0,0
Luis Gutierrez,luis.gutierrez@gensuitellc.com,9172,Champions Builder,App Associate,Internal (non CARR),Business Process Tools,1,0,1
Luis Gutierrez,luis.gutierrez@gensuitellc.com,178,NS Accelerator,App Associate,Internal (non CARR),Business Process Tools,1,0,1
Carlos Rangel,carlos.rangel@gensuitellc.com,9236,Workforce Development,App Associate,,,1,0,0
Ernesto Saldana,ernesto.saldana@gensuitellc.com,301,SAFER,App Lead,Operational Safety,Process Safety Management,1,0,0
Fernando Cardona,fernando.cardona@gensuitellc.com,2,AirLog,App Associate,Environmental Management,Air & ODS Compliance,1,1,0
Fernando Cardona,fernando.cardona@gensuitellc.com,46,EHS Sample Management,App Associate,Environmental Management,Water Compliance,1,0,0
Fernando Cardona,fernando.cardona@gensuitellc.com,35,ODS Sentinel,App Associate,Environmental Management,Air & ODS Compliance,1,1,0
Fernando Cardona,fernando.cardona@gensuitellc.com,224,Risk Registry,App Associate,Compliance & Enterprise Risk,Risk & ISO Management Systems,1,0,0
Fernando Cardona,fernando.cardona@gensuitellc.com,81,Water Watch,App Associate,Environmental Management,Water Compliance,1,0,0
Alonzo Gomez,Alonzo.Gomez@gensuitellc.com,9233,ANVL,Super Group Lead,Operational Safety,Frontline Safety,1,0,0
Alonzo Gomez,Alonzo.Gomez@gensuitellc.com,142,Action Plan Manager,Application Error Notifications,Compliance & Enterprise Risk,Program Management,1,0,0
Alonzo Gomez,Alonzo.Gomez@gensuitellc.com,142,Action Plan Manager,Super Group Lead,Compliance & Enterprise Risk,Program Management,1,0,0
Alonzo Gomez,Alonzo.Gomez@gensuitellc.com,3,Action Tracking System,App Executive,EHS Management,CAPA,1,1,0
Alonzo Gomez,Alonzo.Gomez@gensuitellc.com,3,Action Tracking System,Group Lead,EHS Management,CAPA,1,1,0
Alonzo Gomez,Alonzo.Gomez@gensuitellc.com,3,Action Tracking System,Super Group Lead,EHS Management,CAPA,1,1,0
Alonzo Gomez,Alonzo.Gomez@gensuitellc.com,2,AirLog,App Director,Environmental Management,Air & ODS Compliance,1,1,0
Alonzo Gomez,Alonzo.Gomez@gensuitellc.com,2,AirLog,App Executive,Environmental Management,Air & ODS Compliance,1,1,0
Alonzo Gomez,Alonzo.Gomez@gensuitellc.com,2,AirLog,Super Group Lead,Environmental Management,Air & ODS Compliance,1,1,0
Alonzo Gomez,Alonzo.Gomez@gensuitellc.com,177,Audit Assistant,App Executive,Compliance & Enterprise Risk,Regulatory Compliance & Auditing,1,0,0
Alonzo Gomez,Alonzo.Gomez@gensuitellc.com,177,Audit Assistant,Application Error Notifications,Compliance & Enterprise Risk,Regulatory Compliance & Auditing,1,0,0
Alonzo Gomez,Alonzo.Gomez@gensuitellc.com,177,Audit Assistant,Group Lead,Compliance & Enterprise Risk,Regulatory Compliance & Auditing,1,0,0
Alonzo Gomez,Alonzo.Gomez@gensuitellc.com,177,Audit Assistant,Super Group Lead,Compliance & Enterprise Risk,Regulatory Compliance & Auditing,1,0,0
Alonzo Gomez,Alonzo.Gomez@gensuitellc.com,153,Audit Planner,App Executive,Compliance & Enterprise Risk,Regulatory Compliance & Auditing,1,0,0
Alonzo Gomez,Alonzo.Gomez@gensuitellc.com,153,Audit Planner,Group Lead,Compliance & Enterprise Risk,Regulatory Compliance & Auditing,1,0,0
Alonzo Gomez,Alonzo.Gomez@gensuitellc.com,153,Audit Planner,Super Group Lead,Compliance & Enterprise Risk,Regulatory Compliance & Auditing,1,0,0
Alonzo Gomez,Alonzo.Gomez@gensuitellc.com,97,Behavior Based Quality,App Executive,Quality,Quality Incidents and Non Conformance Management,1,0,0
Alonzo Gomez,Alonzo.Gomez@gensuitellc.com,97,Behavior Based Quality,Super Group Lead,Quality,Quality Incidents and Non Conformance Management,1,0,0
Alonzo Gomez,Alonzo.Gomez@gensuitellc.com,223,Benchmark Gensuite University,App Executive,Platform & System Tools (non CARR),System Tools,0,1,0
Alonzo Gomez,Alonzo.Gomez@gensuitellc.com,223,Benchmark Gensuite University,Super Group Lead,Platform & System Tools (non CARR),System Tools,0,1,0
Alonzo Gomez,Alonzo.Gomez@gensuitellc.com,89,Best Practices,App Director,Compliance & Enterprise Risk,Risk & ISO Management Systems,1,0,0
Alonzo Gomez,Alonzo.Gomez@gensuitellc.com,89,Best Practices,App Executive,Compliance & Enterprise Risk,Risk & ISO Management Systems,1,0,0
Alonzo Gomez,Alonzo.Gomez@gensuitellc.com,89,Best Practices,Super Group Lead,Compliance & Enterprise Risk,Risk & ISO Management Systems,1,0,0
Alonzo Gomez,Alonzo.Gomez@gensuitellc.com,4,Compliance Calendar,App Executive,EHS Management,Obligation Management,1,1,0
Alonzo Gomez,Alonzo.Gomez@gensuitellc.com,4,Compliance Calendar,Application Error Notifications,EHS Management,Obligation Management,1,1,0
Alonzo Gomez,Alonzo.Gomez@gensuitellc.com,4,Compliance Calendar,Group Lead,EHS Management,Obligation Management,1,1,0
Alonzo Gomez,Alonzo.Gomez@gensuitellc.com,4,Compliance Calendar,Super Group Lead,EHS Management,Obligation Management,1,1,0
Alonzo Gomez,Alonzo.Gomez@gensuitellc.com,56,Contractor Safety,Super Group Lead,Operational Safety,Contractor Management,1,0,0
Alonzo Gomez,Alonzo.Gomez@gensuitellc.com,50005,Digital FMEA [Safety Risk Assessment (JSA)],App Executive,,,1,1,0
Alonzo Gomez,Alonzo.Gomez@gensuitellc.com,50005,Digital FMEA [Safety Risk Assessment (JSA)],App Manager,,,1,1,0
Alonzo Gomez,Alonzo.Gomez@gensuitellc.com,50005,Digital FMEA [Safety Risk Assessment (JSA)],Application Error Notifications,,,1,1,0
Alonzo Gomez,Alonzo.Gomez@gensuitellc.com,50005,Digital FMEA [Safety Risk Assessment (JSA)],Super Group Lead,,,1,1,0
Alonzo Gomez,Alonzo.Gomez@gensuitellc.com,50,Discussion Groups,App Director,Compliance & Enterprise Risk,Program Management,1,0,0
Alonzo Gomez,Alonzo.Gomez@gensuitellc.com,50,Discussion Groups,App Executive,Compliance & Enterprise Risk,Program Management,1,0,0
Alonzo Gomez,Alonzo.Gomez@gensuitellc.com,50,Discussion Groups,Super Group Lead,Compliance & Enterprise Risk,Program Management,1,0,0
Alonzo Gomez,Alonzo.Gomez@gensuitellc.com,154,EHS Project Tracker,Application Error Notifications,Operational Safety,Process Safety Management,1,0,0
Alonzo Gomez,Alonzo.Gomez@gensuitellc.com,154,EHS Project Tracker,Super Group Lead,Operational Safety,Process Safety Management,1,0,0
Alonzo Gomez,Alonzo.Gomez@gensuitellc.com,46,EHS Sample Management,App Executive,Environmental Management,Water Compliance,1,0,0
Alonzo Gomez,Alonzo.Gomez@gensuitellc.com,46,EHS Sample Management,Super Group Lead,Environmental Management,Water Compliance,1,0,0
Alonzo Gomez,Alonzo.Gomez@gensuitellc.com,9020,Ergo Evaluator,App Director,Operational Safety,Ergonomic Assessment,1,0,0
Alonzo Gomez,Alonzo.Gomez@gensuitellc.com,9020,Ergo Evaluator,App Executive,Operational Safety,Ergonomic Assessment,1,0,0
Alonzo Gomez,Alonzo.Gomez@gensuitellc.com,9020,Ergo Evaluator,App Manager,Operational Safety,Ergonomic Assessment,1,0,0
Alonzo Gomez,Alonzo.Gomez@gensuitellc.com,9020,Ergo Evaluator,Super Group Lead,Operational Safety,Ergonomic Assessment,1,0,0
Alonzo Gomez,Alonzo.Gomez@gensuitellc.com,25,Ergo Facilitator,App Director,Operational Safety,Ergonomic Assessment,1,0,0
Alonzo Gomez,Alonzo.Gomez@gensuitellc.com,25,Ergo Facilitator,App Executive,Operational Safety,Ergonomic Assessment,1,0,0
Alonzo Gomez,Alonzo.Gomez@gensuitellc.com,25,Ergo Facilitator,App Manager,Operational Safety,Ergonomic Assessment,1,0,0
Alonzo Gomez,Alonzo.Gomez@gensuitellc.com,25,Ergo Facilitator,Super Group Lead,Operational Safety,Ergonomic Assessment,1,0,0
Alonzo Gomez,Alonzo.Gomez@gensuitellc.com,191,FCC,Application Error Notifications,,,1,0,0
Alonzo Gomez,Alonzo.Gomez@gensuitellc.com,24,Industrial Hygiene,Application Error Notifications,Operational Safety,Industrial Hygiene,1,0,0
Alonzo Gomez,Alonzo.Gomez@gensuitellc.com,24,Industrial Hygiene,Super Group Lead,Operational Safety,Industrial Hygiene,1,0,0
Alonzo Gomez,Alonzo.Gomez@gensuitellc.com,26,LOTO,Super Group Lead,Operational Safety,Control of Work,1,1,0
Alonzo Gomez,Alonzo.Gomez@gensuitellc.com,9175,Materiality Advisor,App Director,Sustainability & Disclosure Reporting,Disclosure Management,1,0,0
Alonzo Gomez,Alonzo.Gomez@gensuitellc.com,9175,Materiality Advisor,App Executive,Sustainability & Disclosure Reporting,Disclosure Management,1,0,0
Alonzo Gomez,Alonzo.Gomez@gensuitellc.com,219,My LMS,Application Error Notifications,Compliance & Enterprise Risk,Compliance Training,1,1,0
Alonzo Gomez,Alonzo.Gomez@gensuitellc.com,219,My LMS,Super Group Lead,Compliance & Enterprise Risk,Compliance Training,1,1,0
Alonzo Gomez,Alonzo.Gomez@gensuitellc.com,35,ODS Sentinel,App Director,Environmental Management,Air & ODS Compliance,1,1,0
Alonzo Gomez,Alonzo.Gomez@gensuitellc.com,35,ODS Sentinel,App Executive,Environmental Management,Air & ODS Compliance,1,1,0
Alonzo Gomez,Alonzo.Gomez@gensuitellc.com,35,ODS Sentinel,Super Group Lead,Environmental Management,Air & ODS Compliance,1,1,0
Alonzo Gomez,Alonzo.Gomez@gensuitellc.com,9162,PPE Manager,Super Group Lead,Operational Safety,Safety Risk Assessment,1,0,0
Alonzo Gomez,Alonzo.Gomez@gensuitellc.com,48,Process Director,Application Error Notifications,Compliance & Enterprise Risk,Program Management,1,0,0
Alonzo Gomez,Alonzo.Gomez@gensuitellc.com,48,Process Director,Super Group Lead,Compliance & Enterprise Risk,Program Management,1,0,0
Alonzo Gomez,Alonzo.Gomez@gensuitellc.com,7,Project Calendar,App Executive,EHS Management,Obligation Management,1,0,0
Alonzo Gomez,Alonzo.Gomez@gensuitellc.com,7,Project Calendar,Application Error Notifications,EHS Management,Obligation Management,1,0,0
Alonzo Gomez,Alonzo.Gomez@gensuitellc.com,7,Project Calendar,Group Lead,EHS Management,Obligation Management,1,0,0
Alonzo Gomez,Alonzo.Gomez@gensuitellc.com,7,Project Calendar,Super Group Lead,EHS Management,Obligation Management,1,0,0
Alonzo Gomez,Alonzo.Gomez@gensuitellc.com,50001,Quality Action Tracking System [Action Tracking System],App Executive,Quality,Quality Auditing and CAPA,1,1,0
Alonzo Gomez,Alonzo.Gomez@gensuitellc.com,50001,Quality Action Tracking System [Action Tracking System],Group Lead,Quality,Quality Auditing and CAPA,1,1,0
Alonzo Gomez,Alonzo.Gomez@gensuitellc.com,50001,Quality Action Tracking System [Action Tracking System],Super Group Lead,Quality,Quality Auditing and CAPA,1,1,0
Alonzo Gomez,Alonzo.Gomez@gensuitellc.com,50003,Quality Audit Assistant [Audit Assistant],App Executive,Quality,Quality Auditing and CAPA,1,0,0
Alonzo Gomez,Alonzo.Gomez@gensuitellc.com,50003,Quality Audit Assistant [Audit Assistant],Application Error Notifications,Quality,Quality Auditing and CAPA,1,0,0
Alonzo Gomez,Alonzo.Gomez@gensuitellc.com,50003,Quality Audit Assistant [Audit Assistant],Group Lead,Quality,Quality Auditing and CAPA,1,0,0
Alonzo Gomez,Alonzo.Gomez@gensuitellc.com,50003,Quality Audit Assistant [Audit Assistant],Super Group Lead,Quality,Quality Auditing and CAPA,1,0,0
Alonzo Gomez,Alonzo.Gomez@gensuitellc.com,50010,Quality Compliance Calendar [Compliance Calendar],App Executive,Quality,Quality Process Management & Control,1,1,0
Alonzo Gomez,Alonzo.Gomez@gensuitellc.com,50010,Quality Compliance Calendar [Compliance Calendar],Application Error Notifications,Quality,Quality Process Management & Control,1,1,0
Alonzo Gomez,Alonzo.Gomez@gensuitellc.com,50010,Quality Compliance Calendar [Compliance Calendar],Group Lead,Quality,Quality Process Management & Control,1,1,0
Alonzo Gomez,Alonzo.Gomez@gensuitellc.com,50010,Quality Compliance Calendar [Compliance Calendar],Super Group Lead,Quality,Quality Process Management & Control,1,1,0
Alonzo Gomez,Alonzo.Gomez@gensuitellc.com,50008,Quality My LMS [My LMS],Application Error Notifications,Quality,Quality Process Management & Control,1,1,0
Alonzo Gomez,Alonzo.Gomez@gensuitellc.com,50008,Quality My LMS [My LMS],Super Group Lead,Quality,Quality Process Management & Control,1,1,0
Alonzo Gomez,Alonzo.Gomez@gensuitellc.com,50007,Quality Training Tracker [Training Tracker],Application Error Notifications,Quality,Quality Process Management & Control,1,1,0
Alonzo Gomez,Alonzo.Gomez@gensuitellc.com,50007,Quality Training Tracker [Training Tracker],Super Group Lead,Quality,Quality Process Management & Control,1,1,0
Alonzo Gomez,Alonzo.Gomez@gensuitellc.com,224,Risk Registry,App Director,Compliance & Enterprise Risk,Risk & ISO Management Systems,1,0,0
Alonzo Gomez,Alonzo.Gomez@gensuitellc.com,224,Risk Registry,App Executive,Compliance & Enterprise Risk,Risk & ISO Management Systems,1,0,0
Alonzo Gomez,Alonzo.Gomez@gensuitellc.com,224,Risk Registry,Super Group Lead,Compliance & Enterprise Risk,Risk & ISO Management Systems,1,0,0
Alonzo Gomez,Alonzo.Gomez@gensuitellc.com,610,Risk Registry 2.0,App Director,,,1,0,0
Alonzo Gomez,Alonzo.Gomez@gensuitellc.com,610,Risk Registry 2.0,App Manager,,,1,0,0
Alonzo Gomez,Alonzo.Gomez@gensuitellc.com,301,SAFER,App Executive,Operational Safety,Process Safety Management,1,0,0
Alonzo Gomez,Alonzo.Gomez@gensuitellc.com,301,SAFER,Application Error Notifications,Operational Safety,Process Safety Management,1,0,0
Alonzo Gomez,Alonzo.Gomez@gensuitellc.com,301,SAFER,Group Lead,Operational Safety,Process Safety Management,1,0,0
Alonzo Gomez,Alonzo.Gomez@gensuitellc.com,301,SAFER,Super Group Lead,Operational Safety,Process Safety Management,1,0,0
Alonzo Gomez,Alonzo.Gomez@gensuitellc.com,310,Safe Leader,Application Error Notifications,,,1,0,0
Alonzo Gomez,Alonzo.Gomez@gensuitellc.com,300,Safe Student,Application Error Notifications,,,1,0,0
Alonzo Gomez,Alonzo.Gomez@gensuitellc.com,91,Safe Work Permit,App Director,Operational Safety,Control of Work,1,1,0
Alonzo Gomez,Alonzo.Gomez@gensuitellc.com,91,Safe Work Permit,App Executive,Operational Safety,Control of Work,1,1,0
Alonzo Gomez,Alonzo.Gomez@gensuitellc.com,91,Safe Work Permit,App Manager,Operational Safety,Control of Work,1,1,0
Alonzo Gomez,Alonzo.Gomez@gensuitellc.com,91,Safe Work Permit,Super Group Lead,Operational Safety,Control of Work,1,1,0
Alonzo Gomez,Alonzo.Gomez@gensuitellc.com,27,Safety Dialogue,App Executive,Operational Safety,Safety Risk Assessment,1,0,0
Alonzo Gomez,Alonzo.Gomez@gensuitellc.com,27,Safety Dialogue,App Manager,Operational Safety,Safety Risk Assessment,1,0,0
Alonzo Gomez,Alonzo.Gomez@gensuitellc.com,27,Safety Dialogue,Super Group Lead,Operational Safety,Safety Risk Assessment,1,0,0
Alonzo Gomez,Alonzo.Gomez@gensuitellc.com,22,Safety Matrix,App Executive,Operational Safety,Safety Risk Assessment,1,1,0
Alonzo Gomez,Alonzo.Gomez@gensuitellc.com,22,Safety Matrix,App Manager,Operational Safety,Safety Risk Assessment,1,1,0
Alonzo Gomez,Alonzo.Gomez@gensuitellc.com,22,Safety Matrix,Super Group Lead,Operational Safety,Safety Risk Assessment,1,1,0
Alonzo Gomez,Alonzo.Gomez@gensuitellc.com,28,Safety Observations,App Executive,Operational Safety,Behavior Based Safety,1,1,0
Alonzo Gomez,Alonzo.Gomez@gensuitellc.com,28,Safety Observations,Super Group Lead,Operational Safety,Behavior Based Safety,1,1,0
Alonzo Gomez,Alonzo.Gomez@gensuitellc.com,23,Safety Risk Assessment (JSA),App Executive,Operational Safety,Safety Risk Assessment,1,1,0
Alonzo Gomez,Alonzo.Gomez@gensuitellc.com,23,Safety Risk Assessment (JSA),App Manager,Operational Safety,Safety Risk Assessment,1,1,0
Alonzo Gomez,Alonzo.Gomez@gensuitellc.com,23,Safety Risk Assessment (JSA),Application Error Notifications,Operational Safety,Safety Risk Assessment,1,1,0
Alonzo Gomez,Alonzo.Gomez@gensuitellc.com,23,Safety Risk Assessment (JSA),Super Group Lead,Operational Safety,Safety Risk Assessment,1,1,0
Alonzo Gomez,Alonzo.Gomez@gensuitellc.com,65,Site List Tracker,App Lead,,,1,0,0
Alonzo Gomez,Alonzo.Gomez@gensuitellc.com,44,Survey Engine,Super Group Lead,Tech Platform,Document & Program Management,1,0,0
Alonzo Gomez,Alonzo.Gomez@gensuitellc.com,20,Training Calendar,Application Error Notifications,Compliance & Enterprise Risk,Compliance Training,1,0,0
Alonzo Gomez,Alonzo.Gomez@gensuitellc.com,20,Training Calendar,Super Group Lead,Compliance & Enterprise Risk,Compliance Training,1,0,0
Alonzo Gomez,Alonzo.Gomez@gensuitellc.com,19,Training Tracker,Application Error Notifications,Compliance & Enterprise Risk,Compliance Training,1,1,0
Alonzo Gomez,Alonzo.Gomez@gensuitellc.com,19,Training Tracker,Super Group Lead,Compliance & Enterprise Risk,Compliance Training,1,1,0
Alonzo Gomez,Alonzo.Gomez@gensuitellc.com,81,Water Watch,App Director,Environmental Management,Water Compliance,1,0,0
Alonzo Gomez,Alonzo.Gomez@gensuitellc.com,81,Water Watch,App Executive,Environmental Management,Water Compliance,1,0,0
Alonzo Gomez,Alonzo.Gomez@gensuitellc.com,81,Water Watch,Super Group Lead,Environmental Management,Water Compliance,1,0,0
Alonzo Gomez,Alonzo.Gomez@gensuitellc.com,9236,Workforce Development,App Executive,,,1,0,0
Aaron Olvera,Aaron.Olvera@gensuitellc.com,2,AirLog,App Manager,Environmental Management,Air & ODS Compliance,1,1,0
Aaron Olvera,Aaron.Olvera@gensuitellc.com,2,AirLog,Unit Lead,Environmental Management,Air & ODS Compliance,1,1,0
Aaron Olvera,Aaron.Olvera@gensuitellc.com,89,Best Practices,App Manager,Compliance & Enterprise Risk,Risk & ISO Management Systems,1,0,0
Aaron Olvera,Aaron.Olvera@gensuitellc.com,89,Best Practices,Unit Lead,Compliance & Enterprise Risk,Risk & ISO Management Systems,1,0,0
Aaron Olvera,Aaron.Olvera@gensuitellc.com,50,Discussion Groups,App Manager,Compliance & Enterprise Risk,Program Management,1,0,0
Aaron Olvera,Aaron.Olvera@gensuitellc.com,50,Discussion Groups,Unit Lead,Compliance & Enterprise Risk,Program Management,1,0,0
Aaron Olvera,Aaron.Olvera@gensuitellc.com,46,EHS Sample Management,App Director,Environmental Management,Water Compliance,1,0,0
Aaron Olvera,Aaron.Olvera@gensuitellc.com,46,EHS Sample Management,Unit Lead,Environmental Management,Water Compliance,1,0,0
Aaron Olvera,Aaron.Olvera@gensuitellc.com,9175,Materiality Advisor,App Manager,Sustainability & Disclosure Reporting,Disclosure Management,1,0,0
Aaron Olvera,Aaron.Olvera@gensuitellc.com,35,ODS Sentinel,App Manager,Environmental Management,Air & ODS Compliance,1,1,0
Aaron Olvera,Aaron.Olvera@gensuitellc.com,35,ODS Sentinel,Unit Lead,Environmental Management,Air & ODS Compliance,1,1,0
Aaron Olvera,Aaron.Olvera@gensuitellc.com,224,Risk Registry,App Manager,Compliance & Enterprise Risk,Risk & ISO Management Systems,1,0,0
Aaron Olvera,Aaron.Olvera@gensuitellc.com,224,Risk Registry,Unit Lead,Compliance & Enterprise Risk,Risk & ISO Management Systems,1,0,0
Aaron Olvera,Aaron.Olvera@gensuitellc.com,103,Waste Generation Reporting,Advisor,Environmental Management,Waste Compliance,1,0,0
Aaron Olvera,Aaron.Olvera@gensuitellc.com,5011,Waste Vendor Repository,Advisor,Environmental Management,Waste Compliance,0,0,0
Aaron Olvera,Aaron.Olvera@gensuitellc.com,81,Water Watch,App Manager,Environmental Management,Water Compliance,1,0,0
Aaron Olvera,Aaron.Olvera@gensuitellc.com,81,Water Watch,Unit Lead,Environmental Management,Water Compliance,1,0,0
Francisco Sanchez,Francisco.Sanchez@gensuitellc.com,2,AirLog,App Lead,Environmental Management,Air & ODS Compliance,1,1,0
Francisco Sanchez,Francisco.Sanchez@gensuitellc.com,2000,Attachments,App Lead,Platform & System Tools (non CARR),Access & Usability (Core Components),0,0,1
Francisco Sanchez,Francisco.Sanchez@gensuitellc.com,89,Best Practices,App Lead,Compliance & Enterprise Risk,Risk & ISO Management Systems,1,0,0
Francisco Sanchez,Francisco.Sanchez@gensuitellc.com,50,Discussion Groups,App Lead,Compliance & Enterprise Risk,Program Management,1,0,0
Francisco Sanchez,Francisco.Sanchez@gensuitellc.com,46,EHS Sample Management,App Lead,Environmental Management,Water Compliance,1,0,0
Francisco Sanchez,Francisco.Sanchez@gensuitellc.com,46,EHS Sample Management,App Manager,Environmental Management,Water Compliance,1,0,0
Francisco Sanchez,Francisco.Sanchez@gensuitellc.com,9175,Materiality Advisor,App Lead,Sustainability & Disclosure Reporting,Disclosure Management,1,0,0
Francisco Sanchez,Francisco.Sanchez@gensuitellc.com,35,ODS Sentinel,App Lead,Environmental Management,Air & ODS Compliance,1,1,0
Francisco Sanchez,Francisco.Sanchez@gensuitellc.com,224,Risk Registry,App Lead,Compliance & Enterprise Risk,Risk & ISO Management Systems,1,0,0
Francisco Sanchez,Francisco.Sanchez@gensuitellc.com,610,Risk Registry 2.0,App Lead,,,1,0,0
Francisco Sanchez,Francisco.Sanchez@gensuitellc.com,81,Water Watch,App Lead,Environmental Management,Water Compliance,1,0,0
Juan Palacios,Juan.Palacios@gensuitellc.com,2,AirLog,Group Lead,Environmental Management,Air & ODS Compliance,1,1,0
Juan Palacios,Juan.Palacios@gensuitellc.com,97,Behavior Based Quality,App Director,Quality,Quality Incidents and Non Conformance Management,1,0,0
Juan Palacios,Juan.Palacios@gensuitellc.com,97,Behavior Based Quality,App Lead,Quality,Quality Incidents and Non Conformance Management,1,0,0
Juan Palacios,Juan.Palacios@gensuitellc.com,97,Behavior Based Quality,Group Lead,Quality,Quality Incidents and Non Conformance Management,1,0,0
Juan Palacios,Juan.Palacios@gensuitellc.com,89,Best Practices,Group Lead,Compliance & Enterprise Risk,Risk & ISO Management Systems,1,0,0
Juan Palacios,Juan.Palacios@gensuitellc.com,50005,Digital FMEA [Safety Risk Assessment (JSA)],App Director,,,1,1,0
Juan Palacios,Juan.Palacios@gensuitellc.com,50005,Digital FMEA [Safety Risk Assessment (JSA)],App Lead,,,1,1,0
Juan Palacios,Juan.Palacios@gensuitellc.com,50005,Digital FMEA [Safety Risk Assessment (JSA)],Group Lead,,,1,1,0
Juan Palacios,Juan.Palacios@gensuitellc.com,50,Discussion Groups,Group Lead,Compliance & Enterprise Risk,Program Management,1,0,0
Juan Palacios,Juan.Palacios@gensuitellc.com,46,EHS Sample Management,Group Lead,Environmental Management,Water Compliance,1,0,0
Juan Palacios,Juan.Palacios@gensuitellc.com,9020,Ergo Evaluator,App Lead,Operational Safety,Ergonomic Assessment,1,0,0
Juan Palacios,Juan.Palacios@gensuitellc.com,9020,Ergo Evaluator,Group Lead,Operational Safety,Ergonomic Assessment,1,0,0
Juan Palacios,Juan.Palacios@gensuitellc.com,25,Ergo Facilitator,App Lead,Operational Safety,Ergonomic Assessment,1,0,0
Juan Palacios,Juan.Palacios@gensuitellc.com,25,Ergo Facilitator,Group Lead,Operational Safety,Ergonomic Assessment,1,0,0
Juan Palacios,Juan.Palacios@gensuitellc.com,35,ODS Sentinel,Group Lead,Environmental Management,Air & ODS Compliance,1,1,0
Juan Palacios,Juan.Palacios@gensuitellc.com,224,Risk Registry,Group Lead,Compliance & Enterprise Risk,Risk & ISO Management Systems,1,0,0
Juan Palacios,Juan.Palacios@gensuitellc.com,91,Safe Work Permit,App Lead,Operational Safety,Control of Work,1,1,0
Juan Palacios,Juan.Palacios@gensuitellc.com,91,Safe Work Permit,Group Lead,Operational Safety,Control of Work,1,1,0
Juan Palacios,Juan.Palacios@gensuitellc.com,27,Safety Dialogue,App Director,Operational Safety,Safety Risk Assessment,1,0,0
Juan Palacios,Juan.Palacios@gensuitellc.com,27,Safety Dialogue,App Lead,Operational Safety,Safety Risk Assessment,1,0,0
Juan Palacios,Juan.Palacios@gensuitellc.com,27,Safety Dialogue,Group Lead,Operational Safety,Safety Risk Assessment,1,0,0
Juan Palacios,Juan.Palacios@gensuitellc.com,22,Safety Matrix,App Director,Operational Safety,Safety Risk Assessment,1,1,0
Juan Palacios,Juan.Palacios@gensuitellc.com,22,Safety Matrix,App Lead,Operational Safety,Safety Risk Assessment,1,1,0
Juan Palacios,Juan.Palacios@gensuitellc.com,22,Safety Matrix,Group Lead,Operational Safety,Safety Risk Assessment,1,1,0
Juan Palacios,Juan.Palacios@gensuitellc.com,28,Safety Observations,App Director,Operational Safety,Behavior Based Safety,1,1,0
Juan Palacios,Juan.Palacios@gensuitellc.com,28,Safety Observations,App Lead,Operational Safety,Behavior Based Safety,1,1,0
Juan Palacios,Juan.Palacios@gensuitellc.com,28,Safety Observations,Group Lead,Operational Safety,Behavior Based Safety,1,1,0
Juan Palacios,Juan.Palacios@gensuitellc.com,23,Safety Risk Assessment (JSA),App Director,Operational Safety,Safety Risk Assessment,1,1,0
Juan Palacios,Juan.Palacios@gensuitellc.com,23,Safety Risk Assessment (JSA),App Lead,Operational Safety,Safety Risk Assessment,1,1,0
Juan Palacios,Juan.Palacios@gensuitellc.com,23,Safety Risk Assessment (JSA),Group Lead,Operational Safety,Safety Risk Assessment,1,1,0
Juan Palacios,Juan.Palacios@gensuitellc.com,81,Water Watch,Group Lead,Environmental Management,Water Compliance,1,0,0
Juan Palacios,Juan.Palacios@gensuitellc.com,9236,Workforce Development,App Director,,,1,0,0
Juan Palacios,Juan.Palacios@gensuitellc.com,9236,Workforce Development,App Manager,,,1,0,0
Rahul Jha,rahul.jha@gensuitellc.com,3,Action Tracking System,App Director,EHS Management,CAPA,1,1,0
Rahul Jha,rahul.jha@gensuitellc.com,3,Action Tracking System,App Manager,EHS Management,CAPA,1,1,0
Rahul Jha,rahul.jha@gensuitellc.com,177,Audit Assistant,App Director,Compliance & Enterprise Risk,Regulatory Compliance & Auditing,1,0,0
Rahul Jha,rahul.jha@gensuitellc.com,153,Audit Planner,App Director,Compliance & Enterprise Risk,Regulatory Compliance & Auditing,1,0,0
Rahul Jha,rahul.jha@gensuitellc.com,153,Audit Planner,App Lead,Compliance & Enterprise Risk,Regulatory Compliance & Auditing,1,0,0
Rahul Jha,rahul.jha@gensuitellc.com,153,Audit Planner,App Manager,Compliance & Enterprise Risk,Regulatory Compliance & Auditing,1,0,0
Rahul Jha,rahul.jha@gensuitellc.com,4,Compliance Calendar,App Director,EHS Management,Obligation Management,1,1,0
Rahul Jha,rahul.jha@gensuitellc.com,4,Compliance Calendar,App Lead,EHS Management,Obligation Management,1,1,0
Rahul Jha,rahul.jha@gensuitellc.com,7,Project Calendar,App Director,EHS Management,Obligation Management,1,0,0
Rahul Jha,rahul.jha@gensuitellc.com,7,Project Calendar,App Lead,EHS Management,Obligation Management,1,0,0
Rahul Jha,rahul.jha@gensuitellc.com,50001,Quality Action Tracking System [Action Tracking System],App Director,Quality,Quality Auditing and CAPA,1,1,0
Rahul Jha,rahul.jha@gensuitellc.com,50001,Quality Action Tracking System [Action Tracking System],App Manager,Quality,Quality Auditing and CAPA,1,1,0
Rahul Jha,rahul.jha@gensuitellc.com,50003,Quality Audit Assistant [Audit Assistant],App Director,Quality,Quality Auditing and CAPA,1,0,0
Rahul Jha,rahul.jha@gensuitellc.com,50010,Quality Compliance Calendar [Compliance Calendar],App Director,Quality,Quality Process Management & Control,1,1,0
Rahul Jha,rahul.jha@gensuitellc.com,50010,Quality Compliance Calendar [Compliance Calendar],App Lead,Quality,Quality Process Management & Control,1,1,0
Rahul Jha,rahul.jha@gensuitellc.com,301,SAFER,App Director,Operational Safety,Process Safety Management,1,0,0
Mataan Abucar,Mataan.Abucar@gensuitellc.com,3,Action Tracking System,App Lead,EHS Management,CAPA,1,1,0
Mataan Abucar,Mataan.Abucar@gensuitellc.com,177,Audit Assistant,App Lead,Compliance & Enterprise Risk,Regulatory Compliance & Auditing,1,0,0
Mataan Abucar,Mataan.Abucar@gensuitellc.com,177,Audit Assistant,App Manager,Compliance & Enterprise Risk,Regulatory Compliance & Auditing,1,0,0
Mataan Abucar,Mataan.Abucar@gensuitellc.com,4,Compliance Calendar,App Manager,EHS Management,Obligation Management,1,1,0
Mataan Abucar,Mataan.Abucar@gensuitellc.com,50001,Quality Action Tracking System [Action Tracking System],App Lead,Quality,Quality Auditing and CAPA,1,1,0
Mataan Abucar,Mataan.Abucar@gensuitellc.com,50003,Quality Audit Assistant [Audit Assistant],App Lead,Quality,Quality Auditing and CAPA,1,0,0
Mataan Abucar,Mataan.Abucar@gensuitellc.com,50003,Quality Audit Assistant [Audit Assistant],App Manager,Quality,Quality Auditing and CAPA,1,0,0
Mataan Abucar,Mataan.Abucar@gensuitellc.com,50010,Quality Compliance Calendar [Compliance Calendar],App Manager,Quality,Quality Process Management & Control,1,1,0
Mataan Abucar,Mataan.Abucar@gensuitellc.com,301,SAFER,App Manager,Operational Safety,Process Safety Management,1,0,0
Priyanka Naik,priyanka.naik@gensuitellc.com,142,Action Plan Manager,App Executive,Compliance & Enterprise Risk,Program Management,1,0,0
Priyanka Naik,priyanka.naik@gensuitellc.com,142,Action Plan Manager,App Lead,Compliance & Enterprise Risk,Program Management,1,0,0
Priyanka Naik,priyanka.naik@gensuitellc.com,142,Action Plan Manager,App Manager,Compliance & Enterprise Risk,Program Management,1,0,0
Priyanka Naik,priyanka.naik@gensuitellc.com,142,Action Plan Manager,Group Lead,Compliance & Enterprise Risk,Program Management,1,0,0
Priyanka Naik,priyanka.naik@gensuitellc.com,142,Action Plan Manager,Unit Lead,Compliance & Enterprise Risk,Program Management,1,0,0
Priyanka Naik,priyanka.naik@gensuitellc.com,223,Benchmark Gensuite University,Group Lead,Platform & System Tools (non CARR),System Tools,0,1,0
Priyanka Naik,priyanka.naik@gensuitellc.com,223,Benchmark Gensuite University,Unit Lead,Platform & System Tools (non CARR),System Tools,0,1,0
Priyanka Naik,priyanka.naik@gensuitellc.com,9228,Contractor LMS,App Executive,Operational Safety,Contractor Management,1,0,0
Priyanka Naik,priyanka.naik@gensuitellc.com,9228,Contractor LMS,App Manager,Operational Safety,Contractor Management,1,0,0
Priyanka Naik,priyanka.naik@gensuitellc.com,56,Contractor Safety,App Executive,Operational Safety,Contractor Management,1,0,0
Priyanka Naik,priyanka.naik@gensuitellc.com,56,Contractor Safety,Group Lead,Operational Safety,Contractor Management,1,0,0
Priyanka Naik,priyanka.naik@gensuitellc.com,154,EHS Project Tracker,Group Lead,Operational Safety,Process Safety Management,1,0,0
Priyanka Naik,priyanka.naik@gensuitellc.com,162,HR Performance Appraisal,App Executive,,,1,0,0
Priyanka Naik,priyanka.naik@gensuitellc.com,162,HR Performance Appraisal,App Manager,,,1,0,0
Priyanka Naik,priyanka.naik@gensuitellc.com,24,Industrial Hygiene,Group Lead,Operational Safety,Industrial Hygiene,1,0,0
Priyanka Naik,priyanka.naik@gensuitellc.com,26,LOTO,Group Lead,Operational Safety,Control of Work,1,1,0
Priyanka Naik,priyanka.naik@gensuitellc.com,219,My LMS,App Executive,Compliance & Enterprise Risk,Compliance Training,1,1,0
Priyanka Naik,priyanka.naik@gensuitellc.com,219,My LMS,App Manager,Compliance & Enterprise Risk,Compliance Training,1,1,0
Priyanka Naik,priyanka.naik@gensuitellc.com,219,My LMS,Group Lead,Compliance & Enterprise Risk,Compliance Training,1,1,0
Priyanka Naik,priyanka.naik@gensuitellc.com,219,My LMS,Unit Lead,Compliance & Enterprise Risk,Compliance Training,1,1,0
Priyanka Naik,priyanka.naik@gensuitellc.com,9162,PPE Manager,Group Lead,Operational Safety,Safety Risk Assessment,1,0,0
Priyanka Naik,priyanka.naik@gensuitellc.com,48,Process Director,Group Lead,Compliance & Enterprise Risk,Program Management,1,0,0
Priyanka Naik,priyanka.naik@gensuitellc.com,50008,Quality My LMS [My LMS],App Executive,Quality,Quality Process Management & Control,1,1,0
Priyanka Naik,priyanka.naik@gensuitellc.com,50008,Quality My LMS [My LMS],App Manager,Quality,Quality Process Management & Control,1,1,0
Priyanka Naik,priyanka.naik@gensuitellc.com,50008,Quality My LMS [My LMS],Group Lead,Quality,Quality Process Management & Control,1,1,0
Priyanka Naik,priyanka.naik@gensuitellc.com,50008,Quality My LMS [My LMS],Unit Lead,Quality,Quality Process Management & Control,1,1,0
Priyanka Naik,priyanka.naik@gensuitellc.com,50007,Quality Training Tracker [Training Tracker],App Executive,Quality,Quality Process Management & Control,1,1,0
Priyanka Naik,priyanka.naik@gensuitellc.com,50007,Quality Training Tracker [Training Tracker],App Manager,Quality,Quality Process Management & Control,1,1,0
Priyanka Naik,priyanka.naik@gensuitellc.com,50007,Quality Training Tracker [Training Tracker],Group Lead,Quality,Quality Process Management & Control,1,1,0
Priyanka Naik,priyanka.naik@gensuitellc.com,50007,Quality Training Tracker [Training Tracker],Unit Lead,Quality,Quality Process Management & Control,1,1,0
Priyanka Naik,priyanka.naik@gensuitellc.com,310,Safe Leader,App Executive,,,1,0,0
Priyanka Naik,priyanka.naik@gensuitellc.com,310,Safe Leader,App Lead,,,1,0,0
Priyanka Naik,priyanka.naik@gensuitellc.com,310,Safe Leader,App Manager,,,1,0,0
Priyanka Naik,priyanka.naik@gensuitellc.com,300,Safe Student,App Executive,,,1,0,0
Priyanka Naik,priyanka.naik@gensuitellc.com,300,Safe Student,App Lead,,,1,0,0
Priyanka Naik,priyanka.naik@gensuitellc.com,300,Safe Student,App Manager,,,1,0,0
Priyanka Naik,priyanka.naik@gensuitellc.com,44,Survey Engine,Group Lead,Tech Platform,Document & Program Management,1,0,0
Priyanka Naik,priyanka.naik@gensuitellc.com,20,Training Calendar,App Executive,Compliance & Enterprise Risk,Compliance Training,1,0,0
Priyanka Naik,priyanka.naik@gensuitellc.com,20,Training Calendar,App Manager,Compliance & Enterprise Risk,Compliance Training,1,0,0
Priyanka Naik,priyanka.naik@gensuitellc.com,20,Training Calendar,Group Lead,Compliance & Enterprise Risk,Compliance Training,1,0,0
Priyanka Naik,priyanka.naik@gensuitellc.com,20,Training Calendar,Unit Lead,Compliance & Enterprise Risk,Compliance Training,1,0,0
Priyanka Naik,priyanka.naik@gensuitellc.com,19,Training Tracker,App Executive,Compliance & Enterprise Risk,Compliance Training,1,1,0
Priyanka Naik,priyanka.naik@gensuitellc.com,19,Training Tracker,App Manager,Compliance & Enterprise Risk,Compliance Training,1,1,0
Priyanka Naik,priyanka.naik@gensuitellc.com,19,Training Tracker,Group Lead,Compliance & Enterprise Risk,Compliance Training,1,1,0
Priyanka Naik,priyanka.naik@gensuitellc.com,19,Training Tracker,Unit Lead,Compliance & Enterprise Risk,Compliance Training,1,1,0
Deepak MS,deepak.ms@gensuitellc.com,56,Contractor Safety,App Lead,Operational Safety,Contractor Management,1,0,0
Deepak MS,deepak.ms@gensuitellc.com,56,Contractor Safety,App Manager,Operational Safety,Contractor Management,1,0,0
Deepak MS,deepak.ms@gensuitellc.com,154,EHS Project Tracker,App Lead,Operational Safety,Process Safety Management,1,0,0
Deepak MS,deepak.ms@gensuitellc.com,154,EHS Project Tracker,App Manager,Operational Safety,Process Safety Management,1,0,0
Deepak MS,deepak.ms@gensuitellc.com,191,FCC,App Associate,,,1,0,0
Deepak MS,deepak.ms@gensuitellc.com,191,FCC,App Lead,,,1,0,0
Deepak MS,deepak.ms@gensuitellc.com,191,FCC,App Manager,,,1,0,0
Deepak MS,deepak.ms@gensuitellc.com,24,Industrial Hygiene,App Lead,Operational Safety,Industrial Hygiene,1,0,0
Deepak MS,deepak.ms@gensuitellc.com,24,Industrial Hygiene,App Manager,Operational Safety,Industrial Hygiene,1,0,0
Deepak MS,deepak.ms@gensuitellc.com,26,LOTO,App Lead,Operational Safety,Control of Work,1,1,0
Deepak MS,deepak.ms@gensuitellc.com,26,LOTO,App Manager,Operational Safety,Control of Work,1,1,0
Deepak MS,deepak.ms@gensuitellc.com,9162,PPE Manager,App Lead,Operational Safety,Safety Risk Assessment,1,0,0
Deepak MS,deepak.ms@gensuitellc.com,9162,PPE Manager,App Manager,Operational Safety,Safety Risk Assessment,1,0,0
Deepak MS,deepak.ms@gensuitellc.com,48,Process Director,App Lead,Compliance & Enterprise Risk,Program Management,1,0,0
Deepak MS,deepak.ms@gensuitellc.com,48,Process Director,App Manager,Compliance & Enterprise Risk,Program Management,1,0,0
Deepak MS,deepak.ms@gensuitellc.com,44,Survey Engine,App Lead,Tech Platform,Document & Program Management,1,0,0
Deepak MS,deepak.ms@gensuitellc.com,44,Survey Engine,App Manager,Tech Platform,Document & Program Management,1,0,0
Sebastian Ramirez,sebastian.ramirez@gensuitellc.com,97,Behavior Based Quality,App Manager,Quality,Quality Incidents and Non Conformance Management,1,0,0
Sebastian Ramirez,sebastian.ramirez@gensuitellc.com,97,Behavior Based Quality,Unit Lead,Quality,Quality Incidents and Non Conformance Management,1,0,0
Sebastian Ramirez,sebastian.ramirez@gensuitellc.com,50005,Digital FMEA [Safety Risk Assessment (JSA)],Unit Lead,,,1,1,0
Sebastian Ramirez,sebastian.ramirez@gensuitellc.com,9020,Ergo Evaluator,Unit Lead,Operational Safety,Ergonomic Assessment,1,0,0
Sebastian Ramirez,sebastian.ramirez@gensuitellc.com,25,Ergo Facilitator,Unit Lead,Operational Safety,Ergonomic Assessment,1,0,0
Sebastian Ramirez,sebastian.ramirez@gensuitellc.com,91,Safe Work Permit,Unit Lead,Operational Safety,Control of Work,1,1,0
Sebastian Ramirez,sebastian.ramirez@gensuitellc.com,27,Safety Dialogue,Unit Lead,Operational Safety,Safety Risk Assessment,1,0,0
Sebastian Ramirez,sebastian.ramirez@gensuitellc.com,22,Safety Matrix,Unit Lead,Operational Safety,Safety Risk Assessment,1,1,0
Sebastian Ramirez,sebastian.ramirez@gensuitellc.com,28,Safety Observations,App Manager,Operational Safety,Behavior Based Safety,1,1,0
Sebastian Ramirez,sebastian.ramirez@gensuitellc.com,28,Safety Observations,Unit Lead,Operational Safety,Behavior Based Safety,1,1,0
Sebastian Ramirez,sebastian.ramirez@gensuitellc.com,23,Safety Risk Assessment (JSA),Unit Lead,Operational Safety,Safety Risk Assessment,1,1,0
Sebastian Ramirez,sebastian.ramirez@gensuitellc.com,9236,Workforce Development,App Lead,,,1,0,0
Giovany Maldonado,giovany.maldonado@gensuitellc.com,9174,Credit Manager,App Lead,Sustainability & Disclosure Reporting,Sustainability Management,1,0,0
Isaac Esquivel,isaac.esquivel@gensuitellc.com,9174,Credit Manager,App Manager,Sustainability & Disclosure Reporting,Sustainability Management,1,0,0
Isaac Esquivel,isaac.esquivel@gensuitellc.com,609,Cross App Survey,App Lead,,,1,0,0
Isaac Esquivel,isaac.esquivel@gensuitellc.com,609,Cross App Survey,App Manager,,,1,0,0
Isaac Esquivel,isaac.esquivel@gensuitellc.com,90,Sustainability Projects,App Lead,Sustainability & Disclosure Reporting,Sustainability Management,1,0,0
Isaac Esquivel,isaac.esquivel@gensuitellc.com,136,Sustainability Prospector,App Lead,Sustainability & Disclosure Reporting,Sustainability Management,1,0,0
David Mejia,david.mejia@gensuitellc.com,148,Equipment Tracker,App Lead,Compliance & Enterprise Risk,Equipment & Maintenance,1,0,0
David Mejia,david.mejia@gensuitellc.com,187,Forms,App Lead,Tech Platform,Document & Program Management,1,0,0
David Mejia,david.mejia@gensuitellc.com,163,Maintenance Manager,App Lead,Compliance & Enterprise Risk,Equipment & Maintenance,1,0,0
David Mejia,david.mejia@gensuitellc.com,50011,Quality Forms [ACE Forms],App Lead,Quality,Quality Process Management & Control,1,0,0
David Mejia,david.mejia@gensuitellc.com,608,Tag-It-Bot,App Associate,,,1,0,0
David Mejia,david.mejia@gensuitellc.com,201,Temperature Tracking,App Associate,Compliance & Enterprise Risk,Equipment & Maintenance,1,0,0
David Mejia,david.mejia@gensuitellc.com,201,Temperature Tracking,App Lead,Compliance & Enterprise Risk,Equipment & Maintenance,1,0,0
Julio Romo,julio.romo@gensuitellc.com,82,Inspection Tool,App Manager,EHS Management,Inspection Program,1,1,0
Julio Romo,julio.romo@gensuitellc.com,50012,Quality Inspection Tool [Inspection Tool],App Manager,Quality,Quality Auditing and CAPA,1,1,0
Ruben Romo,ruben.romo@gensuitellc.com,165,EHS Management System,App Associate,Compliance & Enterprise Risk,Risk & ISO Management Systems,1,0,0
Ruben Romo,ruben.romo@gensuitellc.com,165,EHS Management System,App Lead,Compliance & Enterprise Risk,Risk & ISO Management Systems,1,0,0
Ruben Romo,ruben.romo@gensuitellc.com,14,Management Systems Scorecard,App Lead,Compliance & Enterprise Risk,Risk & ISO Management Systems,1,0,0
Ruben Romo,ruben.romo@gensuitellc.com,14,Management Systems Scorecard,App Manager,Compliance & Enterprise Risk,Risk & ISO Management Systems,1,0,0
Ruben Romo,ruben.romo@gensuitellc.com,172,Risk Based Scorecard,App Lead,Compliance & Enterprise Risk,Risk & ISO Management Systems,1,0,0
Ruben Romo,ruben.romo@gensuitellc.com,13,Tiered Scorecard,App Lead,Compliance & Enterprise Risk,Risk & ISO Management Systems,1,0,0
Ruben Romo,ruben.romo@gensuitellc.com,13,Tiered Scorecard,App Manager,Compliance & Enterprise Risk,Risk & ISO Management Systems,1,0,0
