server,function,method,graph_path,return_resource,select_fields,select_parameter,notes,source_url,required_permissions_from_your_list
Service Health,list_service_health_overviews,GET,/admin/serviceAnnouncement/healthOverviews,serviceHealth collection,"id,service,status","?$select=id,service,status",Tenant service health overview. Included because it was not in the previous 48-row CSV.,https://learn.microsoft.com/en-us/graph/api/resources/servicehealth?view=graph-rest-1.0,ServiceHealth.Read
Service Health,get_service_health_overview,GET,/admin/serviceAnnouncement/healthOverviews/{serviceName},serviceHealth,"id,service,status","?$select=id,service,status",Get one service health overview.,https://learn.microsoft.com/en-us/graph/api/resources/servicehealth?view=graph-rest-1.0,ServiceHealth.Read
Service Health,list_service_health_issues,GET,/admin/serviceAnnouncement/issues,serviceHealthIssue collection,"id,title,service,feature,featureGroup,classification,origin,status,impactDescription,startDateTime,endDateTime,lastModifiedDateTime,isResolved","?$select=id,title,service,feature,featureGroup,classification,origin,status,impactDescription,startDateTime,endDateTime,lastModifiedDateTime,isResolved",List service incidents/advisories.,https://learn.microsoft.com/en-us/graph/api/resources/servicehealthissue?view=graph-rest-1.0,ServiceHealth.Read
Service Health,get_service_health_issue,GET,/admin/serviceAnnouncement/issues/{issue-id},serviceHealthIssue,"id,title,service,feature,featureGroup,classification,origin,status,impactDescription,startDateTime,endDateTime,lastModifiedDateTime,isResolved","?$select=id,title,service,feature,featureGroup,classification,origin,status,impactDescription,startDateTime,endDateTime,lastModifiedDateTime,isResolved",Get one service issue.,https://learn.microsoft.com/en-us/graph/api/resources/servicehealthissue?view=graph-rest-1.0,ServiceHealth.Read
Reports,get_email_activity_user_detail,GET,/reports/getEmailActivityUserDetail(period='{period}'),report stream / CSV,N/A,N/A,"Reports endpoints are report functions/streams; $select does not apply. Microsoft Graph report scopes are commonly Reports.Read.All, but this row is mapped from your ActivityReports.Read entry.",https://learn.microsoft.com/en-us/graph/api/resources/report?view=graph-rest-1.0,ActivityReports.Read
Reports,get_email_activity_counts,GET,/reports/getEmailActivityCounts(period='{period}'),report stream / CSV,N/A,N/A,"Reports endpoints are report functions/streams; $select does not apply. Microsoft Graph report scopes are commonly Reports.Read.All, but this row is mapped from your ActivityReports.Read entry.",https://learn.microsoft.com/en-us/graph/api/resources/report?view=graph-rest-1.0,ActivityReports.Read
Reports,get_email_activity_user_counts,GET,/reports/getEmailActivityUserCounts(period='{period}'),report stream / CSV,N/A,N/A,"Reports endpoints are report functions/streams; $select does not apply. Microsoft Graph report scopes are commonly Reports.Read.All, but this row is mapped from your ActivityReports.Read entry.",https://learn.microsoft.com/en-us/graph/api/resources/report?view=graph-rest-1.0,ActivityReports.Read
Reports,get_email_app_usage_user_detail,GET,/reports/getEmailAppUsageUserDetail(period='{period}'),report stream / CSV,N/A,N/A,"Reports endpoints are report functions/streams; $select does not apply. Microsoft Graph report scopes are commonly Reports.Read.All, but this row is mapped from your ActivityReports.Read entry.",https://learn.microsoft.com/en-us/graph/api/resources/report?view=graph-rest-1.0,ActivityReports.Read
Reports,get_mailbox_usage_detail,GET,/reports/getMailboxUsageDetail(period='{period}'),report stream / CSV,N/A,N/A,"Reports endpoints are report functions/streams; $select does not apply. Microsoft Graph report scopes are commonly Reports.Read.All, but this row is mapped from your ActivityReports.Read entry.",https://learn.microsoft.com/en-us/graph/api/resources/report?view=graph-rest-1.0,ActivityReports.Read
Reports,get_sharepoint_site_usage_detail,GET,/reports/getSharePointSiteUsageDetail(period='{period}'),report stream / CSV,N/A,N/A,"Reports endpoints are report functions/streams; $select does not apply. Microsoft Graph report scopes are commonly Reports.Read.All, but this row is mapped from your ActivityReports.Read entry.",https://learn.microsoft.com/en-us/graph/api/resources/report?view=graph-rest-1.0,ActivityReports.Read
Reports,get_onedrive_usage_account_detail,GET,/reports/getOneDriveUsageAccountDetail(period='{period}'),report stream / CSV,N/A,N/A,"Reports endpoints are report functions/streams; $select does not apply. Microsoft Graph report scopes are commonly Reports.Read.All, but this row is mapped from your ActivityReports.Read entry.",https://learn.microsoft.com/en-us/graph/api/resources/report?view=graph-rest-1.0,ActivityReports.Read
Reports,get_office365_active_user_detail,GET,/reports/getOffice365ActiveUserDetail(period='{period}'),report stream / CSV,N/A,N/A,"Reports endpoints are report functions/streams; $select does not apply. Microsoft Graph report scopes are commonly Reports.Read.All, but this row is mapped from your ActivityReports.Read entry.",https://learn.microsoft.com/en-us/graph/api/resources/report?view=graph-rest-1.0,ActivityReports.Read
Directory,list_applications,GET,/applications,application collection,"id,appId,displayName,description,signInAudience,createdDateTime,requiredResourceAccess,web,spa,publicClient,appRoles,oauth2RequirePostResponse","?$select=id,appId,displayName,description,signInAudience,createdDateTime,requiredResourceAccess,web,spa,publicClient,appRoles,oauth2RequirePostResponse",Application objects/app registrations. Not included in the previous User server CSV.,https://learn.microsoft.com/en-us/graph/api/resources/application?view=graph-rest-1.0,Directory.Read.All; Directory.ReadWrite.All; Directory.AccessAsUser.All
Directory,get_application,GET,/applications/{application-id},application,"id,appId,displayName,description,signInAudience,createdDateTime,requiredResourceAccess,web,spa,publicClient,appRoles,oauth2RequirePostResponse","?$select=id,appId,displayName,description,signInAudience,createdDateTime,requiredResourceAccess,web,spa,publicClient,appRoles,oauth2RequirePostResponse",Get one app registration.,https://learn.microsoft.com/en-us/graph/api/resources/application?view=graph-rest-1.0,Directory.Read.All; Directory.ReadWrite.All; Directory.AccessAsUser.All
Directory,list_service_principals,GET,/servicePrincipals,servicePrincipal collection,"id,appId,displayName,servicePrincipalType,accountEnabled,appOwnerOrganizationId,createdDateTime,tags,appRoles,oauth2PermissionScopes","?$select=id,appId,displayName,servicePrincipalType,accountEnabled,appOwnerOrganizationId,createdDateTime,tags,appRoles,oauth2PermissionScopes",Enterprise applications/service principals.,https://learn.microsoft.com/en-us/graph/api/resources/serviceprincipal?view=graph-rest-1.0,Directory.Read.All; Directory.ReadWrite.All; Directory.AccessAsUser.All
Directory,get_service_principal,GET,/servicePrincipals/{servicePrincipal-id},servicePrincipal,"id,appId,displayName,servicePrincipalType,accountEnabled,appOwnerOrganizationId,createdDateTime,tags,appRoles,oauth2PermissionScopes","?$select=id,appId,displayName,servicePrincipalType,accountEnabled,appOwnerOrganizationId,createdDateTime,tags,appRoles,oauth2PermissionScopes",Get one service principal.,https://learn.microsoft.com/en-us/graph/api/resources/serviceprincipal?view=graph-rest-1.0,Directory.Read.All; Directory.ReadWrite.All; Directory.AccessAsUser.All
Directory,list_devices,GET,/devices,device collection,"id,displayName,deviceId,accountEnabled,operatingSystem,operatingSystemVersion,trustType,approximateLastSignInDateTime,isCompliant,isManaged,createdDateTime","?$select=id,displayName,deviceId,accountEnabled,operatingSystem,operatingSystemVersion,trustType,approximateLastSignInDateTime,isCompliant,isManaged,createdDateTime",Microsoft Entra device objects.,https://learn.microsoft.com/en-us/graph/api/resources/device?view=graph-rest-1.0,Directory.Read.All; Directory.ReadWrite.All; Directory.AccessAsUser.All
Directory,get_device,GET,/devices/{device-id},device,"id,displayName,deviceId,accountEnabled,operatingSystem,operatingSystemVersion,trustType,approximateLastSignInDateTime,isCompliant,isManaged,createdDateTime","?$select=id,displayName,deviceId,accountEnabled,operatingSystem,operatingSystemVersion,trustType,approximateLastSignInDateTime,isCompliant,isManaged,createdDateTime",Get one device.,https://learn.microsoft.com/en-us/graph/api/resources/device?view=graph-rest-1.0,Directory.Read.All; Directory.ReadWrite.All; Directory.AccessAsUser.All
Directory,list_directory_roles,GET,/directoryRoles,directoryRole collection,"id,displayName,description,roleTemplateId","?$select=id,displayName,description,roleTemplateId",Activated directory roles.,https://learn.microsoft.com/en-us/graph/api/resources/directoryrole?view=graph-rest-1.0,Directory.Read.All; Directory.ReadWrite.All; Directory.AccessAsUser.All
Directory,get_directory_role,GET,/directoryRoles/{directoryRole-id},directoryRole,"id,displayName,description,roleTemplateId","?$select=id,displayName,description,roleTemplateId",Get one directory role.,https://learn.microsoft.com/en-us/graph/api/resources/directoryrole?view=graph-rest-1.0,Directory.Read.All; Directory.ReadWrite.All; Directory.AccessAsUser.All
Directory,list_directory_role_members,GET,/directoryRoles/{directoryRole-id}/members/microsoft.graph.user,user collection,"id,displayName,givenName,surname,userPrincipalName,mail,jobTitle,officeLocation,businessPhones,mobilePhone","?$select=id,displayName,givenName,surname,userPrincipalName,mail,jobTitle,officeLocation,businessPhones,mobilePhone",Role members cast to users so user-focused $select fields apply.,https://learn.microsoft.com/en-us/graph/api/resources/user?view=graph-rest-1.0,Directory.Read.All; Directory.ReadWrite.All; Directory.AccessAsUser.All
Directory,get_organization,GET,/organization,organization collection,"id,displayName,tenantType,verifiedDomains,assignedPlans,provisionedPlans,businessPhones,city,country,countryLetterCode","?$select=id,displayName,tenantType,verifiedDomains,assignedPlans,provisionedPlans,businessPhones,city,country,countryLetterCode",Tenant organization information.,https://learn.microsoft.com/en-us/graph/api/resources/organization?view=graph-rest-1.0,Directory.Read.All; Directory.ReadWrite.All; Directory.AccessAsUser.All
Directory,list_subscribed_skus,GET,/subscribedSkus,subscribedSku collection,"id,skuId,skuPartNumber,capabilityStatus,consumedUnits,prepaidUnits,servicePlans,appliesTo","?$select=id,skuId,skuPartNumber,capabilityStatus,consumedUnits,prepaidUnits,servicePlans,appliesTo",Tenant license SKU inventory.,https://learn.microsoft.com/en-us/graph/api/resources/subscribedsku?view=graph-rest-1.0,Directory.Read.All; Directory.ReadWrite.All; Directory.AccessAsUser.All
Directory,list_domains,GET,/domains,domain collection,"id,isVerified,isDefault,isInitial,isRoot,isAdminManaged,supportedServices,state","?$select=id,isVerified,isDefault,isInitial,isRoot,isAdminManaged,supportedServices,state",Tenant domains.,https://learn.microsoft.com/en-us/graph/api/resources/domain?view=graph-rest-1.0,Directory.Read.All; Directory.ReadWrite.All; Directory.AccessAsUser.All
Directory,get_domain,GET,/domains/{domain-id},domain,"id,isVerified,isDefault,isInitial,isRoot,isAdminManaged,supportedServices,state","?$select=id,isVerified,isDefault,isInitial,isRoot,isAdminManaged,supportedServices,state",Get one tenant domain.,https://learn.microsoft.com/en-us/graph/api/resources/domain?view=graph-rest-1.0,Directory.Read.All; Directory.ReadWrite.All; Directory.AccessAsUser.All
Groups,list_groups,GET,/groups,group collection,"id,displayName,description,mail,mailNickname,mailEnabled,securityEnabled,groupTypes,visibility,createdDateTime,renewedDateTime","?$select=id,displayName,description,mail,mailNickname,mailEnabled,securityEnabled,groupTypes,visibility,createdDateTime,renewedDateTime",Group list. Excluded from earlier User server except membership reference.,https://learn.microsoft.com/en-us/graph/api/resources/group?view=graph-rest-1.0,Group.Read.All; Group.ReadWrite.All; GroupMember.ReadWrite.All; Directory.Read.All; Directory.ReadWrite.All
Groups,get_group,GET,/groups/{group-id},group,"id,displayName,description,mail,mailNickname,mailEnabled,securityEnabled,groupTypes,visibility,createdDateTime,renewedDateTime","?$select=id,displayName,description,mail,mailNickname,mailEnabled,securityEnabled,groupTypes,visibility,createdDateTime,renewedDateTime",Get one group.,https://learn.microsoft.com/en-us/graph/api/resources/group?view=graph-rest-1.0,Group.Read.All; Group.ReadWrite.All; GroupMember.ReadWrite.All; Directory.Read.All; Directory.ReadWrite.All
Groups,list_group_members,GET,/groups/{group-id}/members/microsoft.graph.user,user collection,"id,displayName,givenName,surname,userPrincipalName,mail,jobTitle,officeLocation,businessPhones,mobilePhone","?$select=id,displayName,givenName,surname,userPrincipalName,mail,jobTitle,officeLocation,businessPhones,mobilePhone",Group members cast to users. Remove cast if you want mixed directoryObject types.,https://learn.microsoft.com/en-us/graph/api/resources/user?view=graph-rest-1.0,Group.Read.All; Group.ReadWrite.All; GroupMember.ReadWrite.All; Directory.Read.All; Directory.ReadWrite.All
Groups,list_group_transitive_members,GET,/groups/{group-id}/transitiveMembers/microsoft.graph.user,user collection,"id,displayName,givenName,surname,userPrincipalName,mail,jobTitle,officeLocation,businessPhones,mobilePhone","?$select=id,displayName,givenName,surname,userPrincipalName,mail,jobTitle,officeLocation,businessPhones,mobilePhone",Nested group members cast to users.,https://learn.microsoft.com/en-us/graph/api/resources/user?view=graph-rest-1.0,Group.Read.All; Group.ReadWrite.All; GroupMember.ReadWrite.All; Directory.Read.All; Directory.ReadWrite.All
Groups,list_group_owners,GET,/groups/{group-id}/owners/microsoft.graph.user,user collection,"id,displayName,givenName,surname,userPrincipalName,mail,jobTitle,officeLocation,businessPhones,mobilePhone","?$select=id,displayName,givenName,surname,userPrincipalName,mail,jobTitle,officeLocation,businessPhones,mobilePhone",Group owners cast to users.,https://learn.microsoft.com/en-us/graph/api/resources/user?view=graph-rest-1.0,Group.Read.All; Group.ReadWrite.All; GroupMember.ReadWrite.All; Directory.Read.All; Directory.ReadWrite.All
Groups,create_group,POST,/groups,group,N/A,N/A,Create operation; $select is not used on POST request body.,https://learn.microsoft.com/en-us/graph/api/resources/group?view=graph-rest-1.0,Group.ReadWrite.All
Groups,update_group,PATCH,/groups/{group-id},None,N/A,N/A,Update operation; $select does not apply.,https://learn.microsoft.com/en-us/graph/api/resources/group?view=graph-rest-1.0,Group.ReadWrite.All
Groups,delete_group,DELETE,/groups/{group-id},None,N/A,N/A,Delete operation; $select does not apply.,https://learn.microsoft.com/en-us/graph/api/resources/group?view=graph-rest-1.0,Group.ReadWrite.All
Groups,add_group_member,POST,/groups/{group-id}/members/$ref,None,N/A,N/A,Relationship write operation; $select does not apply.,https://learn.microsoft.com/en-us/graph/api/resources/group?view=graph-rest-1.0,GroupMember.ReadWrite.All; Group.ReadWrite.All
Groups,remove_group_member,DELETE,/groups/{group-id}/members/{directoryObject-id}/$ref,None,N/A,N/A,Relationship delete operation; $select does not apply.,https://learn.microsoft.com/en-us/graph/api/resources/group?view=graph-rest-1.0,GroupMember.ReadWrite.All; Group.ReadWrite.All
Tasks,list_todo_lists,GET,/me/todo/lists,todoTaskList collection,"id,displayName,isOwner,isShared,wellknownListName","?$select=id,displayName,isOwner,isShared,wellknownListName",Microsoft To Do task lists.,https://learn.microsoft.com/en-us/graph/api/resources/todotasklist?view=graph-rest-1.0,Tasks.ReadWrite
Tasks,get_todo_list,GET,/me/todo/lists/{todoTaskList-id},todoTaskList,"id,displayName,isOwner,isShared,wellknownListName","?$select=id,displayName,isOwner,isShared,wellknownListName",Get one task list.,https://learn.microsoft.com/en-us/graph/api/resources/todotasklist?view=graph-rest-1.0,Tasks.ReadWrite
Tasks,list_tasks,GET,/me/todo/lists/{todoTaskList-id}/tasks,todoTask collection,"id,title,status,importance,isReminderOn,createdDateTime,lastModifiedDateTime,dueDateTime,reminderDateTime,completedDateTime,body,categories,recurrence","?$select=id,title,status,importance,isReminderOn,createdDateTime,lastModifiedDateTime,dueDateTime,reminderDateTime,completedDateTime,body,categories,recurrence",List tasks in a To Do list.,https://learn.microsoft.com/en-us/graph/api/resources/todotask?view=graph-rest-1.0,Tasks.ReadWrite
Tasks,get_task,GET,/me/todo/lists/{todoTaskList-id}/tasks/{task-id},todoTask,"id,title,status,importance,isReminderOn,createdDateTime,lastModifiedDateTime,dueDateTime,reminderDateTime,completedDateTime,body,categories,recurrence","?$select=id,title,status,importance,isReminderOn,createdDateTime,lastModifiedDateTime,dueDateTime,reminderDateTime,completedDateTime,body,categories,recurrence",Get one To Do task.,https://learn.microsoft.com/en-us/graph/api/resources/todotask?view=graph-rest-1.0,Tasks.ReadWrite
Tasks,create_task,POST,/me/todo/lists/{todoTaskList-id}/tasks,todoTask,N/A,N/A,Create operation; $select is not used in the POST request.,https://learn.microsoft.com/en-us/graph/api/resources/todotask?view=graph-rest-1.0,Tasks.ReadWrite
Tasks,update_task,PATCH,/me/todo/lists/{todoTaskList-id}/tasks/{task-id},todoTask,N/A,N/A,Update operation; $select does not apply to the PATCH request.,https://learn.microsoft.com/en-us/graph/api/resources/todotask?view=graph-rest-1.0,Tasks.ReadWrite
Tasks,delete_task,DELETE,/me/todo/lists/{todoTaskList-id}/tasks/{task-id},None,N/A,N/A,Delete operation; $select does not apply.,https://learn.microsoft.com/en-us/graph/api/resources/todotask?view=graph-rest-1.0,Tasks.ReadWrite
OneNote,list_notebooks,GET,/me/onenote/notebooks,notebook collection,"id,displayName,self,createdDateTime,lastModifiedDateTime,isDefault,userRole,isShared,links,sectionsUrl,sectionGroupsUrl","?$select=id,displayName,self,createdDateTime,lastModifiedDateTime,isDefault,userRole,isShared,links,sectionsUrl,sectionGroupsUrl",OneNote notebooks.,https://learn.microsoft.com/en-us/graph/api/resources/notebook?view=graph-rest-1.0,Notes.Read; Notes.Read.All; Notes.ReadWrite; Notes.ReadWrite.All; Notes.ReadWrite.CreatedByApp; Notes.Create
OneNote,get_notebook,GET,/me/onenote/notebooks/{notebook-id},notebook,"id,displayName,self,createdDateTime,lastModifiedDateTime,isDefault,userRole,isShared,links,sectionsUrl,sectionGroupsUrl","?$select=id,displayName,self,createdDateTime,lastModifiedDateTime,isDefault,userRole,isShared,links,sectionsUrl,sectionGroupsUrl",Get one notebook.,https://learn.microsoft.com/en-us/graph/api/resources/notebook?view=graph-rest-1.0,Notes.Read; Notes.Read.All; Notes.ReadWrite; Notes.ReadWrite.All; Notes.ReadWrite.CreatedByApp; Notes.Create
OneNote,list_sections,GET,/me/onenote/sections,onenoteSection collection,"id,displayName,self,createdDateTime,lastModifiedDateTime,isDefault,links,pagesUrl,parentNotebook","?$select=id,displayName,self,createdDateTime,lastModifiedDateTime,isDefault,links,pagesUrl,parentNotebook",OneNote sections.,https://learn.microsoft.com/en-us/graph/api/resources/onenotesection?view=graph-rest-1.0,Notes.Read; Notes.Read.All; Notes.ReadWrite; Notes.ReadWrite.All; Notes.ReadWrite.CreatedByApp; Notes.Create
OneNote,get_section,GET,/me/onenote/sections/{section-id},onenoteSection,"id,displayName,self,createdDateTime,lastModifiedDateTime,isDefault,links,pagesUrl,parentNotebook","?$select=id,displayName,self,createdDateTime,lastModifiedDateTime,isDefault,links,pagesUrl,parentNotebook",Get one OneNote section.,https://learn.microsoft.com/en-us/graph/api/resources/onenotesection?view=graph-rest-1.0,Notes.Read; Notes.Read.All; Notes.ReadWrite; Notes.ReadWrite.All; Notes.ReadWrite.CreatedByApp; Notes.Create
OneNote,list_pages,GET,/me/onenote/pages,onenotePage collection,"id,title,createdDateTime,lastModifiedDateTime,links,level,order,self,parentSection,contentUrl","?$select=id,title,createdDateTime,lastModifiedDateTime,links,level,order,self,parentSection,contentUrl",OneNote pages metadata. For page HTML content use /content.,https://learn.microsoft.com/en-us/graph/api/resources/onenotepage?view=graph-rest-1.0,Notes.Read; Notes.Read.All; Notes.ReadWrite; Notes.ReadWrite.All; Notes.ReadWrite.CreatedByApp; Notes.Create
OneNote,get_page,GET,/me/onenote/pages/{page-id},onenotePage,"id,title,createdDateTime,lastModifiedDateTime,links,level,order,self,parentSection,contentUrl","?$select=id,title,createdDateTime,lastModifiedDateTime,links,level,order,self,parentSection,contentUrl",Get one OneNote page metadata.,https://learn.microsoft.com/en-us/graph/api/resources/onenotepage?view=graph-rest-1.0,Notes.Read; Notes.Read.All; Notes.ReadWrite; Notes.ReadWrite.All; Notes.ReadWrite.CreatedByApp; Notes.Create
OneNote,get_page_content,GET,/me/onenote/pages/{page-id}/content,HTML content,N/A,N/A,"Returns the page content stream, not a JSON resource; $select does not apply.",https://learn.microsoft.com/en-us/graph/api/resources/onenotepage?view=graph-rest-1.0,Notes.Read; Notes.Read.All; Notes.ReadWrite; Notes.ReadWrite.All; Notes.ReadWrite.CreatedByApp; Notes.Create
OneNote,create_page,POST,/me/onenote/sections/{section-id}/pages,onenotePage,N/A,N/A,Create operation; $select is not used in the POST request.,https://learn.microsoft.com/en-us/graph/api/resources/onenotepage?view=graph-rest-1.0,Notes.Create; Notes.ReadWrite; Notes.ReadWrite.All; Notes.ReadWrite.CreatedByApp
OneNote,update_page_content,PATCH,/me/onenote/pages/{page-id}/content,None,N/A,N/A,Patch page content; $select does not apply.,https://learn.microsoft.com/en-us/graph/api/resources/onenotepage?view=graph-rest-1.0,Notes.ReadWrite; Notes.ReadWrite.All; Notes.ReadWrite.CreatedByApp
OneNote,delete_page,DELETE,/me/onenote/pages/{page-id},None,N/A,N/A,Delete operation; $select does not apply.,https://learn.microsoft.com/en-us/graph/api/resources/onenotepage?view=graph-rest-1.0,Notes.ReadWrite; Notes.ReadWrite.All; Notes.ReadWrite.CreatedByApp
Sites,search_sites,GET,/sites?search={query},site collection,"id,name,displayName,webUrl,description,createdDateTime,lastModifiedDateTime,siteCollection,root,sharepointIds","&$select=id,name,displayName,webUrl,description,createdDateTime,lastModifiedDateTime,siteCollection,root,sharepointIds",Search SharePoint sites. Existing CSV did not include Sites server.,https://learn.microsoft.com/en-us/graph/api/resources/site?view=graph-rest-1.0,Sites.Read.All
Sites,get_site,GET,/sites/{site-id},site,"id,name,displayName,webUrl,description,createdDateTime,lastModifiedDateTime,siteCollection,root,sharepointIds","?$select=id,name,displayName,webUrl,description,createdDateTime,lastModifiedDateTime,siteCollection,root,sharepointIds",Get SharePoint site metadata.,https://learn.microsoft.com/en-us/graph/api/resources/site?view=graph-rest-1.0,Sites.Read.All
Sites,get_root_site,GET,/sites/root,site,"id,name,displayName,webUrl,description,createdDateTime,lastModifiedDateTime,siteCollection,root,sharepointIds","?$select=id,name,displayName,webUrl,description,createdDateTime,lastModifiedDateTime,siteCollection,root,sharepointIds",Get tenant root site.,https://learn.microsoft.com/en-us/graph/api/resources/site?view=graph-rest-1.0,Sites.Read.All
Sites,list_subsites,GET,/sites/{site-id}/sites,site collection,"id,name,displayName,webUrl,description,createdDateTime,lastModifiedDateTime,siteCollection,root,sharepointIds","?$select=id,name,displayName,webUrl,description,createdDateTime,lastModifiedDateTime,siteCollection,root,sharepointIds",List subsites.,https://learn.microsoft.com/en-us/graph/api/resources/site?view=graph-rest-1.0,Sites.Read.All
Sites,list_site_drives,GET,/sites/{site-id}/drives,drive collection,"id,driveType,name,owner,quota,webUrl,createdDateTime,lastModifiedDateTime","?$select=id,driveType,name,owner,quota,webUrl,createdDateTime,lastModifiedDateTime",List document libraries/drives for a site.,https://learn.microsoft.com/en-us/graph/api/resources/drive?view=graph-rest-1.0,Sites.Read.All; Files.Read.All; Files.ReadWrite.All
Sites,list_site_lists,GET,/sites/{site-id}/lists,list collection,"id,displayName,name,webUrl,createdDateTime,lastModifiedDateTime,list,sharepointIds","?$select=id,displayName,name,webUrl,createdDateTime,lastModifiedDateTime,list,sharepointIds",List SharePoint lists in a site.,https://learn.microsoft.com/en-us/graph/api/resources/list?view=graph-rest-1.0,Sites.Read.All
Sites,get_site_list,GET,/sites/{site-id}/lists/{list-id},list,"id,displayName,name,webUrl,createdDateTime,lastModifiedDateTime,list,sharepointIds","?$select=id,displayName,name,webUrl,createdDateTime,lastModifiedDateTime,list,sharepointIds",Get one SharePoint list.,https://learn.microsoft.com/en-us/graph/api/resources/list?view=graph-rest-1.0,Sites.Read.All
Sites,list_list_items,GET,/sites/{site-id}/lists/{list-id}/items,listItem collection,"id,webUrl,createdDateTime,lastModifiedDateTime,contentType,sharepointIds,fields","?$select=id,webUrl,createdDateTime,lastModifiedDateTime,contentType,sharepointIds,fields","Top-level $select returns list item metadata. To select SharePoint custom columns use $expand=fields($select=Column1,Column2).",https://learn.microsoft.com/en-us/graph/api/resources/listitem?view=graph-rest-1.0,Sites.Read.All
Sites,get_list_item,GET,/sites/{site-id}/lists/{list-id}/items/{item-id},listItem,"id,webUrl,createdDateTime,lastModifiedDateTime,contentType,sharepointIds,fields","?$select=id,webUrl,createdDateTime,lastModifiedDateTime,contentType,sharepointIds,fields","Top-level $select returns item metadata. To select SharePoint custom columns use $expand=fields($select=Column1,Column2).",https://learn.microsoft.com/en-us/graph/api/resources/listitem?view=graph-rest-1.0,Sites.Read.All
Sites,list_site_pages,GET,/sites/{site-id}/pages,baseSitePage collection,"id,name,title,webUrl,createdDateTime,lastModifiedDateTime,publishingState,pageLayout","?$select=id,name,title,webUrl,createdDateTime,lastModifiedDateTime,publishingState,pageLayout",List modern site pages.,https://learn.microsoft.com/en-us/graph/api/resources/basesitepage?view=graph-rest-1.0,Sites.Read.All
Sites,list_site_permissions,GET,/sites/{site-id}/permissions,permission collection,"id,roles,grantedTo,grantedToIdentitiesV2,link,invitation,shareId,expirationDateTime,hasPassword","?$select=id,roles,grantedTo,grantedToIdentitiesV2,link,invitation,shareId,expirationDateTime,hasPassword",Site permissions.,https://learn.microsoft.com/en-us/graph/api/resources/permission?view=graph-rest-1.0,Sites.Read.All
Files,get_my_drive,GET,/me/drive,drive,"id,driveType,name,owner,quota,webUrl,createdDateTime,lastModifiedDateTime","?$select=id,driveType,name,owner,quota,webUrl,createdDateTime,lastModifiedDateTime",Signed-in user's default drive.,https://learn.microsoft.com/en-us/graph/api/resources/drive?view=graph-rest-1.0,Files.Read; Files.ReadWrite
Files,get_drive,GET,/drives/{drive-id},drive,"id,driveType,name,owner,quota,webUrl,createdDateTime,lastModifiedDateTime","?$select=id,driveType,name,owner,quota,webUrl,createdDateTime,lastModifiedDateTime",Get a drive by ID.,https://learn.microsoft.com/en-us/graph/api/resources/drive?view=graph-rest-1.0,Files.Read.All; Files.ReadWrite.All
Files,list_root_children,GET,/me/drive/root/children,driveItem collection,"id,name,webUrl,size,createdDateTime,lastModifiedDateTime,createdBy,lastModifiedBy,parentReference,file,folder,package,shared","?$select=id,name,webUrl,size,createdDateTime,lastModifiedDateTime,createdBy,lastModifiedBy,parentReference,file,folder,package,shared",List root drive items for signed-in user.,https://learn.microsoft.com/en-us/graph/api/resources/driveitem?view=graph-rest-1.0,Files.Read; Files.ReadWrite
Files,get_drive_item,GET,/drives/{drive-id}/items/{item-id},driveItem,"id,name,webUrl,size,createdDateTime,lastModifiedDateTime,createdBy,lastModifiedBy,parentReference,file,folder,package,shared","?$select=id,name,webUrl,size,createdDateTime,lastModifiedDateTime,createdBy,lastModifiedBy,parentReference,file,folder,package,shared",Get a file/folder item by ID.,https://learn.microsoft.com/en-us/graph/api/resources/driveitem?view=graph-rest-1.0,Files.Read; Files.ReadWrite; Files.Read.All; Files.ReadWrite.All; Files.Read.Selected; Files.ReadWrite.Selected; Files.ReadWrite.AppFolder
Files,list_item_children,GET,/drives/{drive-id}/items/{item-id}/children,driveItem collection,"id,name,webUrl,size,createdDateTime,lastModifiedDateTime,createdBy,lastModifiedBy,parentReference,file,folder,package,shared","?$select=id,name,webUrl,size,createdDateTime,lastModifiedDateTime,createdBy,lastModifiedBy,parentReference,file,folder,package,shared",List children of a folder item.,https://learn.microsoft.com/en-us/graph/api/resources/driveitem?view=graph-rest-1.0,Files.Read; Files.ReadWrite; Files.Read.All; Files.ReadWrite.All; Files.Read.Selected; Files.ReadWrite.Selected; Files.ReadWrite.AppFolder
Files,search_drive_items,GET,/me/drive/root/search(q='{query}'),driveItem collection,"id,name,webUrl,size,createdDateTime,lastModifiedDateTime,createdBy,lastModifiedBy,parentReference,file,folder,package,shared","?$select=id,name,webUrl,size,createdDateTime,lastModifiedDateTime,createdBy,lastModifiedBy,parentReference,file,folder,package,shared",Search signed-in user's drive.,https://learn.microsoft.com/en-us/graph/api/resources/driveitem?view=graph-rest-1.0,Files.Read; Files.ReadWrite
Files,list_recent_files,GET,/me/drive/recent,driveItem collection,"id,name,webUrl,size,createdDateTime,lastModifiedDateTime,createdBy,lastModifiedBy,parentReference,file,folder,package,shared","?$select=id,name,webUrl,size,createdDateTime,lastModifiedDateTime,createdBy,lastModifiedBy,parentReference,file,folder,package,shared",Recent files for signed-in user.,https://learn.microsoft.com/en-us/graph/api/resources/driveitem?view=graph-rest-1.0,Files.Read; Files.ReadWrite
Files,list_shared_with_me,GET,/me/drive/sharedWithMe,driveItem collection,"id,name,webUrl,size,createdDateTime,lastModifiedDateTime,createdBy,lastModifiedBy,parentReference,file,folder,package,shared","?$select=id,name,webUrl,size,createdDateTime,lastModifiedDateTime,createdBy,lastModifiedBy,parentReference,file,folder,package,shared",Items shared with signed-in user.,https://learn.microsoft.com/en-us/graph/api/resources/driveitem?view=graph-rest-1.0,Files.Read; Files.ReadWrite
Files,list_app_folder_children,GET,/me/drive/special/approot/children,driveItem collection,"id,name,webUrl,size,createdDateTime,lastModifiedDateTime,createdBy,lastModifiedBy,parentReference,file,folder,package,shared","?$select=id,name,webUrl,size,createdDateTime,lastModifiedDateTime,createdBy,lastModifiedBy,parentReference,file,folder,package,shared",App folder children for Files.ReadWrite.AppFolder.,https://learn.microsoft.com/en-us/graph/api/resources/driveitem?view=graph-rest-1.0,Files.ReadWrite.AppFolder
Files,list_item_permissions,GET,/drives/{drive-id}/items/{item-id}/permissions,permission collection,"id,roles,grantedTo,grantedToIdentitiesV2,link,invitation,shareId,expirationDateTime,hasPassword","?$select=id,roles,grantedTo,grantedToIdentitiesV2,link,invitation,shareId,expirationDateTime,hasPassword",List sharing permissions on a drive item.,https://learn.microsoft.com/en-us/graph/api/resources/permission?view=graph-rest-1.0,Files.Read.All; Files.ReadWrite.All
Files,get_item_content,GET,/drives/{drive-id}/items/{item-id}/content,file stream,N/A,N/A,Returns file content stream; $select does not apply.,https://learn.microsoft.com/en-us/graph/api/resources/driveitem?view=graph-rest-1.0,Files.Read; Files.ReadWrite; Files.Read.All; Files.ReadWrite.All; Files.Read.Selected; Files.ReadWrite.Selected; Files.ReadWrite.AppFolder
Files,create_upload_session,POST,/drives/{drive-id}/items/{parent-id}:/{filename}:/createUploadSession,uploadSession,N/A,N/A,Action/create operation; $select does not apply.,https://learn.microsoft.com/en-us/graph/api/resources/driveitem?view=graph-rest-1.0,Files.ReadWrite; Files.ReadWrite.All
Files,copy_drive_item,POST,/drives/{drive-id}/items/{item-id}/copy,async action,N/A,N/A,Copy action; $select does not apply.,https://learn.microsoft.com/en-us/graph/api/resources/driveitem?view=graph-rest-1.0,Files.ReadWrite; Files.ReadWrite.All
Files,delete_drive_item,DELETE,/drives/{drive-id}/items/{item-id},None,N/A,N/A,Delete operation; $select does not apply.,https://learn.microsoft.com/en-us/graph/api/resources/driveitem?view=graph-rest-1.0,Files.ReadWrite; Files.ReadWrite.All
Contacts,list_contacts,GET,/me/contacts,contact collection,"id,displayName,givenName,surname,emailAddresses,companyName,department,jobTitle,businessPhones,mobilePhone,officeLocation,createdDateTime,lastModifiedDateTime,parentFolderId,categories","?$select=id,displayName,givenName,surname,emailAddresses,companyName,department,jobTitle,businessPhones,mobilePhone,officeLocation,createdDateTime,lastModifiedDateTime,parentFolderId,categories",Signed-in user's contacts. Not in previous 48-row CSV.,https://learn.microsoft.com/en-us/graph/api/resources/contact?view=graph-rest-1.0,Contacts.Read; Contacts.ReadWrite
Contacts,get_contact,GET,/me/contacts/{contact-id},contact,"id,displayName,givenName,surname,emailAddresses,companyName,department,jobTitle,businessPhones,mobilePhone,officeLocation,createdDateTime,lastModifiedDateTime,parentFolderId,categories","?$select=id,displayName,givenName,surname,emailAddresses,companyName,department,jobTitle,businessPhones,mobilePhone,officeLocation,createdDateTime,lastModifiedDateTime,parentFolderId,categories",Get one contact.,https://learn.microsoft.com/en-us/graph/api/resources/contact?view=graph-rest-1.0,Contacts.Read; Contacts.ReadWrite
Contacts,list_user_contacts,GET,/users/{user-id}/contacts,contact collection,"id,displayName,givenName,surname,emailAddresses,companyName,department,jobTitle,businessPhones,mobilePhone,officeLocation,createdDateTime,lastModifiedDateTime,parentFolderId,categories","?$select=id,displayName,givenName,surname,emailAddresses,companyName,department,jobTitle,businessPhones,mobilePhone,officeLocation,createdDateTime,lastModifiedDateTime,parentFolderId,categories",Contacts for a specific user when app permissions allow it.,https://learn.microsoft.com/en-us/graph/api/resources/contact?view=graph-rest-1.0,Contacts.Read.All; Contacts.ReadWrite.All
Contacts,get_user_contact,GET,/users/{user-id}/contacts/{contact-id},contact,"id,displayName,givenName,surname,emailAddresses,companyName,department,jobTitle,businessPhones,mobilePhone,officeLocation,createdDateTime,lastModifiedDateTime,parentFolderId,categories","?$select=id,displayName,givenName,surname,emailAddresses,companyName,department,jobTitle,businessPhones,mobilePhone,officeLocation,createdDateTime,lastModifiedDateTime,parentFolderId,categories",Get one user contact.,https://learn.microsoft.com/en-us/graph/api/resources/contact?view=graph-rest-1.0,Contacts.Read.All; Contacts.ReadWrite.All
Contacts,list_contact_folders,GET,/me/contactFolders,contactFolder collection,"id,displayName,parentFolderId,childFolderCount","?$select=id,displayName,parentFolderId,childFolderCount",Signed-in user's contact folders.,https://learn.microsoft.com/en-us/graph/api/resources/contactfolder?view=graph-rest-1.0,Contacts.Read; Contacts.ReadWrite
Contacts,get_contact_folder,GET,/me/contactFolders/{contactFolder-id},contactFolder,"id,displayName,parentFolderId,childFolderCount","?$select=id,displayName,parentFolderId,childFolderCount",Get one contact folder.,https://learn.microsoft.com/en-us/graph/api/resources/contactfolder?view=graph-rest-1.0,Contacts.Read; Contacts.ReadWrite
Contacts,list_contacts_in_folder,GET,/me/contactFolders/{contactFolder-id}/contacts,contact collection,"id,displayName,givenName,surname,emailAddresses,companyName,department,jobTitle,businessPhones,mobilePhone,officeLocation,createdDateTime,lastModifiedDateTime,parentFolderId,categories","?$select=id,displayName,givenName,surname,emailAddresses,companyName,department,jobTitle,businessPhones,mobilePhone,officeLocation,createdDateTime,lastModifiedDateTime,parentFolderId,categories",Contacts inside a specific folder.,https://learn.microsoft.com/en-us/graph/api/resources/contact?view=graph-rest-1.0,Contacts.Read; Contacts.ReadWrite
Contacts,create_contact,POST,/me/contacts,contact,N/A,N/A,Create operation; $select is not used in the POST request.,https://learn.microsoft.com/en-us/graph/api/resources/contact?view=graph-rest-1.0,Contacts.ReadWrite; Contacts.ReadWrite.All
Contacts,update_contact,PATCH,/me/contacts/{contact-id},contact,N/A,N/A,Update operation; $select does not apply to PATCH.,https://learn.microsoft.com/en-us/graph/api/resources/contact?view=graph-rest-1.0,Contacts.ReadWrite; Contacts.ReadWrite.All
Contacts,delete_contact,DELETE,/me/contacts/{contact-id},None,N/A,N/A,Delete operation; $select does not apply.,https://learn.microsoft.com/en-us/graph/api/resources/contact?view=graph-rest-1.0,Contacts.ReadWrite; Contacts.ReadWrite.All
Calendar Shared,list_shared_calendar_events,GET,/users/{shared-user-or-mailbox-id}/events,event collection,"id,subject,bodyPreview,organizer,attendees,start,end,location,isAllDay,isCancelled,isOrganizer,responseStatus,webLink,onlineMeeting,createdDateTime,lastModifiedDateTime","?$select=id,subject,bodyPreview,organizer,attendees,start,end,location,isAllDay,isCancelled,isOrganizer,responseStatus,webLink,onlineMeeting,createdDateTime,lastModifiedDateTime",Shared/calendar mailbox variant. Standard /me calendar functions were excluded because they were in the previous CSV.,https://learn.microsoft.com/en-us/graph/api/resources/event?view=graph-rest-1.0,Calendars.ReadWrite.Shared
Calendar Shared,get_shared_calendar_event,GET,/users/{shared-user-or-mailbox-id}/events/{event-id},event,"id,subject,bodyPreview,organizer,attendees,start,end,location,isAllDay,isCancelled,isOrganizer,responseStatus,webLink,onlineMeeting,createdDateTime,lastModifiedDateTime","?$select=id,subject,bodyPreview,organizer,attendees,start,end,location,isAllDay,isCancelled,isOrganizer,responseStatus,webLink,onlineMeeting,createdDateTime,lastModifiedDateTime",Shared/calendar mailbox event get.,https://learn.microsoft.com/en-us/graph/api/resources/event?view=graph-rest-1.0,Calendars.ReadWrite.Shared
Calendar Shared,list_shared_calendar_view,GET,/users/{shared-user-or-mailbox-id}/calendarView?startDateTime={start}&endDateTime={end},event collection,"id,subject,bodyPreview,organizer,attendees,start,end,location,isAllDay,isCancelled,isOrganizer,responseStatus,webLink,onlineMeeting,createdDateTime,lastModifiedDateTime","&$select=id,subject,bodyPreview,organizer,attendees,start,end,location,isAllDay,isCancelled,isOrganizer,responseStatus,webLink,onlineMeeting,createdDateTime,lastModifiedDateTime",calendarView already has required query params; append &$select.,https://learn.microsoft.com/en-us/graph/api/resources/event?view=graph-rest-1.0,Calendars.ReadWrite.Shared
Calendar Shared,create_shared_event,POST,/users/{shared-user-or-mailbox-id}/events,event,N/A,N/A,Create operation; $select is not used in the POST request.,https://learn.microsoft.com/en-us/graph/api/resources/event?view=graph-rest-1.0,Calendars.ReadWrite.Shared
Calendar Shared,update_shared_event,PATCH,/users/{shared-user-or-mailbox-id}/events/{event-id},event,N/A,N/A,Update operation; $select does not apply to PATCH.,https://learn.microsoft.com/en-us/graph/api/resources/event?view=graph-rest-1.0,Calendars.ReadWrite.Shared
Calendar Shared,delete_shared_event,DELETE,/users/{shared-user-or-mailbox-id}/events/{event-id},None,N/A,N/A,Delete operation; $select does not apply.,https://learn.microsoft.com/en-us/graph/api/resources/event?view=graph-rest-1.0,Calendars.ReadWrite.Shared
Mail Shared,list_shared_messages,GET,/users/{shared-user-or-mailbox-id}/messages,message collection,"id,subject,from,sender,toRecipients,ccRecipients,bccRecipients,replyTo,receivedDateTime,sentDateTime,bodyPreview,isRead,hasAttachments,importance,conversationId,webLink,parentFolderId,categories","?$select=id,subject,from,sender,toRecipients,ccRecipients,bccRecipients,replyTo,receivedDateTime,sentDateTime,bodyPreview,isRead,hasAttachments,importance,conversationId,webLink,parentFolderId,categories",Shared mailbox variant. Standard /me mail reads were excluded because they were in the previous CSV.,https://learn.microsoft.com/en-us/graph/api/resources/message?view=graph-rest-1.0,Mail.ReadWrite.Shared
Mail Shared,get_shared_message,GET,/users/{shared-user-or-mailbox-id}/messages/{message-id},message,"id,subject,from,sender,toRecipients,ccRecipients,bccRecipients,replyTo,receivedDateTime,sentDateTime,bodyPreview,isRead,hasAttachments,importance,conversationId,webLink,parentFolderId,categories","?$select=id,subject,from,sender,toRecipients,ccRecipients,bccRecipients,replyTo,receivedDateTime,sentDateTime,bodyPreview,isRead,hasAttachments,importance,conversationId,webLink,parentFolderId,categories",Get one message in shared mailbox.,https://learn.microsoft.com/en-us/graph/api/resources/message?view=graph-rest-1.0,Mail.ReadWrite.Shared
Mail Shared,list_shared_mail_folders,GET,/users/{shared-user-or-mailbox-id}/mailFolders,mailFolder collection,"id,displayName,parentFolderId,childFolderCount,totalItemCount,unreadItemCount","?$select=id,displayName,parentFolderId,childFolderCount,totalItemCount,unreadItemCount",Shared mailbox folders.,https://learn.microsoft.com/en-us/graph/api/resources/mailfolder?view=graph-rest-1.0,Mail.ReadWrite.Shared
Mail Shared,send_mail,POST,/me/sendMail,action,N/A,N/A,Send action from signed-in user's mailbox; $select does not apply.,https://learn.microsoft.com/en-us/graph/api/user-sendmail?view=graph-rest-1.0,Mail.Send
Mail Shared,send_shared_mail,POST,/users/{shared-user-or-mailbox-id}/sendMail,action,N/A,N/A,Send as/from shared mailbox when permitted; $select does not apply.,https://learn.microsoft.com/en-us/graph/api/user-sendmail?view=graph-rest-1.0,Mail.Send.Shared
Mail Shared,create_shared_message_draft,POST,/users/{shared-user-or-mailbox-id}/messages,message,N/A,N/A,Create draft operation; $select is not used in POST.,https://learn.microsoft.com/en-us/graph/api/resources/message?view=graph-rest-1.0,Mail.ReadWrite.Shared
Mail Shared,update_shared_message,PATCH,/users/{shared-user-or-mailbox-id}/messages/{message-id},message,N/A,N/A,Update operation; $select does not apply.,https://learn.microsoft.com/en-us/graph/api/resources/message?view=graph-rest-1.0,Mail.ReadWrite.Shared
Mail Shared,delete_shared_message,DELETE,/users/{shared-user-or-mailbox-id}/messages/{message-id},None,N/A,N/A,Delete operation; $select does not apply.,https://learn.microsoft.com/en-us/graph/api/resources/message?view=graph-rest-1.0,Mail.ReadWrite.Shared
Profile,get_profile,GET,/me/profile,profile,id,?$select=id,Profile API is beta; root profile mostly exposes id and relationships.,https://learn.microsoft.com/en-us/graph/api/resources/profile?view=graph-rest-beta,UserProfile.Read
Profile,list_profile_names,GET,/me/profile/names,personName collection,"id,displayName,first,last,middle,nickname,suffix,title","?$select=id,displayName,first,last,middle,nickname,suffix,title",Profile relationship endpoint.,https://learn.microsoft.com/en-us/graph/api/resources/profile?view=graph-rest-beta,UserProfile.Read
Profile,list_profile_emails,GET,/me/profile/emails,itemEmail collection,"id,address,displayName,type","?$select=id,address,displayName,type",Profile relationship endpoint.,https://learn.microsoft.com/en-us/graph/api/resources/profile?view=graph-rest-beta,UserProfile.Read
Profile,list_profile_phones,GET,/me/profile/phones,itemPhone collection,"id,displayName,number,type","?$select=id,displayName,number,type",Profile relationship endpoint.,https://learn.microsoft.com/en-us/graph/api/resources/profile?view=graph-rest-beta,UserProfile.Read
Profile,list_profile_positions,GET,/me/profile/positions,workPosition collection,"id,displayName,detail,isCurrent","?$select=id,displayName,detail,isCurrent",Profile relationship endpoint.,https://learn.microsoft.com/en-us/graph/api/resources/profile?view=graph-rest-beta,UserProfile.Read
Profile,list_profile_skills,GET,/me/profile/skills,skillProficiency collection,"id,displayName,proficiency","?$select=id,displayName,proficiency",Profile relationship endpoint.,https://learn.microsoft.com/en-us/graph/api/resources/profile?view=graph-rest-beta,UserProfile.Read
