TABLE_NAME,COLUMN_NAME,DATA_TYPE,CHARACTER_MAXIMUM_LENGTH,KEY_TYPE,CONSTRAINT_NAME
v_ExtensionsData,defID,int,NULL,NULL,NULL
v_ExtensionsData,AppRecID,int,NULL,NULL,NULL
v_ExtensionsData,ExtensionName,varchar,50,NULL,NULL
v_ExtensionsData,FieldName,varchar,150,NULL,NULL
v_ExtensionsData,field_updateDateUTC,datetime,NULL,NULL,NULL
v_ExtensionsData,refID,int,NULL,NULL,NULL
v_ExtensionsData,fieldValue,nvarchar,-1,NULL,NULL
v_ExtensionsData,value_updateDateUTC,datetime,NULL,NULL,NULL
tblAuditPending_Status,pendingStatusID,int,NULL,PRIMARY KEY,PK_pendingStatusID_tblAuditPending_Status
tblAuditPending_Status,StatusID,smallint,NULL,FOREIGN KEY,FK_StatusID_tblAuditPending_Status
tblAuditPending_Status,tblAuditID,int,NULL,NULL,NULL
tblAuditPending_Status,Title,nvarchar,200,NULL,NULL
tblAuditPending_Status,createdDateUTC,datetime,NULL,NULL,NULL
tblAuditPending_Status,CreatedBy,nvarchar,150,NULL,NULL
tblAuditPending_Status,UpdatedBy,nvarchar,150,NULL,NULL
tblAuditPending_Status,updateDateUTC,datetime,NULL,NULL,NULL
tblAudit_Step_Pending,Orgname,nvarchar,50,FOREIGN KEY,FK_TblAudit_Step_Pending_tblAudit_Pending
tblAudit_Step_Pending,Location,nvarchar,50,FOREIGN KEY,FK_TblAudit_Step_Pending_tblAudit_Pending
tblAudit_Step_Pending,ID,int,NULL,FOREIGN KEY,FK_TblAudit_Step_Pending_tblAudit_Pending
tblAudit_Step_Pending,Step_ID,int,NULL,NULL,NULL
tblAudit_Step_Pending,Step_Description,nvarchar,1500,NULL,NULL
tblAudit_Step_Pending,Step_ResponPerson,nvarchar,150,NULL,NULL
tblAudit_Step_Pending,Step_ClosureDueDate,datetime,NULL,NULL,NULL
tblAudit_Step_Pending,Step_Status,nvarchar,15,NULL,NULL
tblAudit_Step_Pending,Step_CloseDate,datetime,NULL,NULL,NULL
tblAudit_Step_Pending,Step_CloseComment,nvarchar,1500,NULL,NULL
tblAudit_Step_Pending,UpdateDate,datetime,NULL,NULL,NULL
tblAudit_Step_Pending,UpdateBy,nvarchar,150,NULL,NULL
tblAudit_Step_Pending,UpdateHistory,ntext,1073741823,NULL,NULL
tblAudit_Step_Pending,MXWasChecked,bit,NULL,NULL,NULL
tblAudit_Step_Pending,MXHasDouble,bit,NULL,NULL,NULL
tblAudit_Step_Pending,MXWasUpdated,bit,NULL,NULL,NULL
tblAudit_Step_Pending,MXEncode,varchar,30,NULL,NULL
tblAudit_Step_Pending,tblAuditStepID,int,NULL,PRIMARY KEY,PK_TblAudit_Step_pending
tblAudit_Step_Pending,step_findingtype,nvarchar,100,NULL,NULL
tblAudit_Step_Pending,step_category,nvarchar,255,NULL,NULL
tblAudit_Step_Pending,Step_RootCause,nvarchar,600,NULL,NULL
tblAudit_Step_Pending,updateDateUTC,datetime,NULL,NULL,NULL
TblAudit_Step,Orgname,nvarchar,50,FOREIGN KEY,FK_TblAudit_TblAudit_Step
TblAudit_Step,Location,nvarchar,50,FOREIGN KEY,FK_TblAudit_TblAudit_Step
TblAudit_Step,ID,int,NULL,FOREIGN KEY,FK_TblAudit_TblAudit_Step
TblAudit_Step,Step_ID,int,NULL,NULL,NULL
TblAudit_Step,Step_Description,nvarchar,1500,NULL,NULL
TblAudit_Step,Step_ResponPerson,nvarchar,150,NULL,NULL
TblAudit_Step,Step_ClosureDueDate,datetime,NULL,NULL,NULL
TblAudit_Step,Step_Status,nvarchar,15,NULL,NULL
TblAudit_Step,Step_CloseDate,datetime,NULL,NULL,NULL
TblAudit_Step,Step_CloseComment,nvarchar,-1,NULL,NULL
TblAudit_Step,UpdateDate,datetime,NULL,NULL,NULL
TblAudit_Step,UpdateBy,nvarchar,150,NULL,NULL
TblAudit_Step,UpdateHistory,ntext,1073741823,NULL,NULL
TblAudit_Step,MXWasChecked,bit,NULL,NULL,NULL
TblAudit_Step,MXHasDouble,bit,NULL,NULL,NULL
TblAudit_Step,MXWasUpdated,bit,NULL,NULL,NULL
TblAudit_Step,MXEncode,varchar,30,NULL,NULL
TblAudit_Step,tblAuditStepID,int,NULL,PRIMARY KEY,PK_TblAudit_Step
TblAudit_Step,step_findingtype,nvarchar,100,NULL,NULL
TblAudit_Step,step_category,nvarchar,255,NULL,NULL
TblAudit_Step,Step_RootCause,nvarchar,600,NULL,NULL
tblAudit_ReadAcrossActionType,ID,int,NULL,PRIMARY KEY,PK_tblAudit_RAAType_ID
tblAudit_ReadAcrossActionType,Order,tinyint,NULL,NULL,NULL
tblAudit_ReadAcrossActionType,Name,nvarchar,50,NULL,NULL
tblAudit_ReadAcrossActionType,UpdateDateUTC,datetime,NULL,NULL,NULL
tblAudit_ReadAcrossAction,ID,int,NULL,PRIMARY KEY,PK_tblAudit_RAA_ID
tblAudit_ReadAcrossAction,TypeID,int,NULL,FOREIGN KEY,FK_tblaudit_RAAType_TypeID
tblAudit_ReadAcrossAction,AuditID,int,NULL,NULL,NULL
tblAudit_ReadAcrossAction,ActionTaken,nvarchar,2000,NULL,NULL
tblAudit_ReadAcrossAction,ClosureComment,nvarchar,2000,NULL,NULL
tblAudit_ReadAcrossAction,DateClosed,datetime,NULL,NULL,NULL
tblAudit_ReadAcrossAction,ResponsiblePersonID,int,NULL,FOREIGN KEY,FK_ltbcontact_ContactID
tblAudit_ReadAcrossAction,ClosureDueDate,datetime,NULL,NULL,NULL
tblAudit_ReadAcrossAction,Step,tinyint,NULL,NULL,NULL
tblAudit_ReadAcrossAction,Status,bit,NULL,NULL,NULL
tblAudit_ReadAcrossAction,UpdateDateUTC,datetime,NULL,NULL,NULL
TblAudit_Pending,Orgname,nvarchar,50,PRIMARY KEY,PKCI_TblAudit_Pending_OrgLocID
TblAudit_Pending,Location,nvarchar,50,PRIMARY KEY,PKCI_TblAudit_Pending_OrgLocID
TblAudit_Pending,ID,int,NULL,PRIMARY KEY,PKCI_TblAudit_Pending_OrgLocID
TblAudit_Pending,AuditName,nvarchar,100,NULL,NULL
TblAudit_Pending,AuditDate,datetime,NULL,NULL,NULL
TblAudit_Pending,AuditType,nvarchar,50,NULL,NULL
TblAudit_Pending,FindingType,nvarchar,100,NULL,NULL
TblAudit_Pending,Category,nvarchar,255,NULL,NULL
TblAudit_Pending,Citation,nvarchar,-1,NULL,NULL
TblAudit_Pending,NumItems,int,NULL,NULL,NULL
TblAudit_Pending,RepeatItem,bit,NULL,NULL,NULL
TblAudit_Pending,ClassificationType,int,NULL,NULL,NULL
TblAudit_Pending,Classification,nvarchar,50,NULL,NULL
TblAudit_Pending,COE,nvarchar,50,NULL,NULL
TblAudit_Pending,Bldg,nvarchar,50,NULL,NULL
TblAudit_Pending,Workstation,nvarchar,100,NULL,NULL
TblAudit_Pending,ResponPerson,nvarchar,150,NULL,NULL
TblAudit_Pending,Description,nvarchar,-1,NULL,NULL
TblAudit_Pending,CorrectiveAction,nvarchar,-1,NULL,NULL
TblAudit_Pending,ContactPerson,nvarchar,150,NULL,NULL
TblAudit_Pending,ContactPhone,nvarchar,50,NULL,NULL
TblAudit_Pending,CloseDate,datetime,NULL,NULL,NULL
TblAudit_Pending,CloseComment,nvarchar,-1,NULL,NULL
TblAudit_Pending,ClosePerson,nvarchar,150,NULL,NULL
TblAudit_Pending,Status,nvarchar,15,NULL,NULL
TblAudit_Pending,ClosureDueDate,datetime,NULL,NULL,NULL
TblAudit_Pending,Optional_1,nvarchar,100,NULL,NULL
TblAudit_Pending,Optional_2,nvarchar,100,NULL,NULL
TblAudit_Pending,Optional_3,nvarchar,600,NULL,NULL
TblAudit_Pending,Optional_4,nvarchar,50,NULL,NULL
TblAudit_Pending,Optional_5,nvarchar,300,NULL,NULL
TblAudit_Pending,RefType,nvarchar,100,NULL,NULL
TblAudit_Pending,RefID,nvarchar,50,NULL,NULL
TblAudit_Pending,UpdateDate,datetime,NULL,NULL,NULL
TblAudit_Pending,UpdateUser,nvarchar,150,NULL,NULL
TblAudit_Pending,UpdateHistory,nvarchar,-1,NULL,NULL
TblAudit_Pending,HighPriority,bit,NULL,NULL,NULL
TblAudit_Pending,VerifyPerson,nvarchar,150,NULL,NULL
TblAudit_Pending,VerifyDate,datetime,NULL,NULL,NULL
TblAudit_Pending,VerifyComment,nvarchar,-1,NULL,NULL
TblAudit_Pending,DaysBeforeReminder,nvarchar,25,NULL,NULL
TblAudit_Pending,VerifyByDate,datetime,NULL,NULL,NULL
TblAudit_Pending,SubCOEID,int,NULL,NULL,NULL
TblAudit_Pending,MultiCC,nvarchar,1000,NULL,NULL
TblAudit_Pending,InvestigationDetails,nvarchar,-1,NULL,NULL
TblAudit_Pending,CAPARequired,bit,NULL,NULL,NULL
TblAudit_Pending,tblAuditID,int,NULL,NULL,NULL
TblAudit_Pending,Optional_6,nvarchar,600,NULL,NULL
TblAudit_Pending,Optional_7,nvarchar,150,NULL,NULL
TblAudit_Pending,Optional_8,nvarchar,150,NULL,NULL
TblAudit_Pending,ExternalSubmit,bit,NULL,NULL,NULL
TblAudit_Pending,Employee,nvarchar,150,NULL,NULL
TblAudit_Pending,coResponPerson,nvarchar,150,NULL,NULL
TblAudit_Pending,AutoEscalation,bit,NULL,NULL,NULL
TblAudit_Pending,EscalateDueDate,datetime,NULL,NULL,NULL
TblAudit_Pending,CASE_PSM,bit,NULL,NULL,NULL
TblAudit_Pending,AutoEscalationStep,tinyint,NULL,NULL,NULL
TblAudit_Pending,AutoEscalationDays,smallint,NULL,NULL,NULL
TblAudit_Pending,replicateTblAuditID,int,NULL,NULL,NULL
TblAudit_Pending,ExportedTblAuditID,int,NULL,NULL,NULL
tblAudit_ltbStatus,ID,smallint,NULL,PRIMARY KEY,PK_smallint_tblAudit_ltbStatus
tblAudit_ltbStatus,Status,varchar,50,NULL,NULL
tblAudit_ltbStatus,updateDateUTC,datetime,NULL,NULL,NULL
tblAudit_ExtendType,ID,int,NULL,NULL,NULL
tblAudit_ExtendType,type,varchar,250,NULL,NULL
tblAudit_ExtendType,SortNo,tinyint,NULL,NULL,NULL
tblAudit_ExtendType,Archive,bit,NULL,NULL,NULL
tblAudit_DueDateExtend,ID,int,NULL,PRIMARY KEY,PK_tblAudit_DueDateExtend_ID
tblAudit_DueDateExtend,tblauditid,int,NULL,NULL,NULL
tblAudit_DueDateExtend,originalDueDate,datetime,NULL,NULL,NULL
tblAudit_DueDateExtend,requestedDueDate,datetime,NULL,NULL,NULL
tblAudit_DueDateExtend,reason,nvarchar,2000,NULL,NULL
tblAudit_DueDateExtend,approver,int,NULL,NULL,NULL
tblAudit_DueDateExtend,STATUS,bit,NULL,NULL,NULL
tblAudit_DueDateExtend,requestDate,datetime,NULL,NULL,NULL
tblAudit_DueDateExtend,requestPerson,int,NULL,NULL,NULL
tblAudit_DueDateExtend,comment,nvarchar,2000,NULL,NULL
tblAudit_DueDateExtend,extensionType,int,NULL,NULL,NULL
TblAudit_Archive,Orgname,nvarchar,50,FOREIGN KEY,FK_TblAudit_TblAudit_Archive
TblAudit_Archive,Orgname,nvarchar,50,PRIMARY KEY,PK_TblA_OrLoIDVno
TblAudit_Archive,Location,nvarchar,50,FOREIGN KEY,FK_TblAudit_TblAudit_Archive
TblAudit_Archive,Location,nvarchar,50,PRIMARY KEY,PK_TblA_OrLoIDVno
TblAudit_Archive,ID,int,NULL,FOREIGN KEY,FK_TblAudit_TblAudit_Archive
TblAudit_Archive,ID,int,NULL,PRIMARY KEY,PK_TblA_OrLoIDVno
TblAudit_Archive,VersionNo,int,NULL,PRIMARY KEY,PK_TblA_OrLoIDVno
TblAudit_Archive,AuditName,nvarchar,100,NULL,NULL
TblAudit_Archive,AuditDate,datetime,NULL,NULL,NULL
TblAudit_Archive,AuditType,nvarchar,50,NULL,NULL
TblAudit_Archive,FindingType,nvarchar,100,NULL,NULL
TblAudit_Archive,Category,nvarchar,255,NULL,NULL
TblAudit_Archive,Citation,nvarchar,-1,NULL,NULL
TblAudit_Archive,NumItems,int,NULL,NULL,NULL
TblAudit_Archive,RepeatItem,bit,NULL,NULL,NULL
TblAudit_Archive,ClassificationType,int,NULL,NULL,NULL
TblAudit_Archive,Classification,nvarchar,50,NULL,NULL
TblAudit_Archive,COE,nvarchar,50,NULL,NULL
TblAudit_Archive,Bldg,nvarchar,50,NULL,NULL
TblAudit_Archive,Workstation,nvarchar,100,NULL,NULL
TblAudit_Archive,ResponPerson,nvarchar,150,NULL,NULL
TblAudit_Archive,Description,ntext,1073741823,NULL,NULL
TblAudit_Archive,CorrectiveAction,ntext,1073741823,NULL,NULL
TblAudit_Archive,ContactPerson,nvarchar,150,NULL,NULL
TblAudit_Archive,ContactPhone,nvarchar,50,NULL,NULL
TblAudit_Archive,CloseDate,datetime,NULL,NULL,NULL
TblAudit_Archive,CloseComment,ntext,1073741823,NULL,NULL
TblAudit_Archive,ClosePerson,nvarchar,150,NULL,NULL
TblAudit_Archive,Status,nvarchar,15,NULL,NULL
TblAudit_Archive,ClosureDueDate,datetime,NULL,NULL,NULL
TblAudit_Archive,Optional_1,nvarchar,100,NULL,NULL
TblAudit_Archive,Optional_2,nvarchar,100,NULL,NULL
TblAudit_Archive,Optional_3,nvarchar,600,NULL,NULL
TblAudit_Archive,Optional_4,nvarchar,50,NULL,NULL
TblAudit_Archive,Optional_5,nvarchar,300,NULL,NULL
TblAudit_Archive,RefType,nvarchar,100,NULL,NULL
TblAudit_Archive,RefID,nvarchar,50,NULL,NULL
TblAudit_Archive,UpdateDate,datetime,NULL,NULL,NULL
TblAudit_Archive,UpdateUser,nvarchar,150,NULL,NULL
TblAudit_Archive,UpdateHistory,ntext,1073741823,NULL,NULL
TblAudit_Archive,HighPriority,bit,NULL,NULL,NULL
TblAudit_Archive,VerifyPerson,nvarchar,150,NULL,NULL
TblAudit_Archive,VerifyDate,datetime,NULL,NULL,NULL
TblAudit_Archive,VerifyComment,ntext,1073741823,NULL,NULL
TblAudit_Archive,DaysBeforeReminder,nvarchar,25,NULL,NULL
TblAudit_Archive,VerifyByDate,datetime,NULL,NULL,NULL
TblAudit_Archive,SubCOEID,int,NULL,NULL,NULL
TblAudit_Archive,MultiCC,nvarchar,1000,NULL,NULL
TblAudit_Archive,InvestigationDetails,ntext,1073741823,NULL,NULL
TblAudit_Archive,CAPARequired,bit,NULL,NULL,NULL
TblAudit_Archive,MXWasChecked,bit,NULL,NULL,NULL
TblAudit_Archive,MXHasDouble,bit,NULL,NULL,NULL
TblAudit_Archive,MXWasUpdated,bit,NULL,NULL,NULL
TblAudit_Archive,MXEncode,varchar,30,NULL,NULL
TblAudit_Archive,Optional_6,nvarchar,150,NULL,NULL
TblAudit_Archive,Optional_7,nvarchar,150,NULL,NULL
TblAudit_Archive,Optional_8,nvarchar,150,NULL,NULL
TblAudit_Archive,ExternalSubmit,bit,NULL,NULL,NULL
TblAudit_Archive,coResponPerson,nvarchar,150,NULL,NULL
TblAudit_Archive,AutoEscalation,bit,NULL,NULL,NULL
TblAudit_Archive,EscalateDueDate,datetime,NULL,NULL,NULL
TblAudit_Archive,AutoEscalationStep,tinyint,NULL,NULL,NULL
TblAudit_Archive,ReplicateTblAuditID,int,NULL,NULL,NULL
TblAudit,Orgname,nvarchar,50,PRIMARY KEY,PKCI_TblAudit_OrgLocID
TblAudit,Location,nvarchar,50,PRIMARY KEY,PKCI_TblAudit_OrgLocID
TblAudit,ID,int,NULL,PRIMARY KEY,PKCI_TblAudit_OrgLocID
TblAudit,AuditName,nvarchar,100,NULL,NULL
TblAudit,AuditDate,datetime,NULL,NULL,NULL
TblAudit,AuditType,nvarchar,50,NULL,NULL
TblAudit,FindingType,nvarchar,100,NULL,NULL
TblAudit,Category,nvarchar,255,NULL,NULL
TblAudit,Citation,nvarchar,-1,NULL,NULL
TblAudit,NumItems,int,NULL,NULL,NULL
TblAudit,RepeatItem,bit,NULL,NULL,NULL
TblAudit,ClassificationType,int,NULL,NULL,NULL
TblAudit,Classification,nvarchar,50,NULL,NULL
TblAudit,COE,nvarchar,50,NULL,NULL
TblAudit,Bldg,nvarchar,50,NULL,NULL
TblAudit,Workstation,nvarchar,100,NULL,NULL
TblAudit,ResponPerson,nvarchar,150,NULL,NULL
TblAudit,Description,nvarchar,-1,NULL,NULL
TblAudit,CorrectiveAction,nvarchar,-1,NULL,NULL
TblAudit,ContactPerson,nvarchar,150,NULL,NULL
TblAudit,ContactPhone,nvarchar,50,NULL,NULL
TblAudit,CloseDate,datetime,NULL,NULL,NULL
TblAudit,CloseComment,nvarchar,-1,NULL,NULL
TblAudit,ClosePerson,nvarchar,150,NULL,NULL
TblAudit,Status,nvarchar,15,NULL,NULL
TblAudit,ClosureDueDate,datetime,NULL,NULL,NULL
TblAudit,Optional_1,nvarchar,100,NULL,NULL
TblAudit,Optional_2,nvarchar,100,NULL,NULL
TblAudit,Optional_3,nvarchar,600,NULL,NULL
TblAudit,Optional_4,nvarchar,50,NULL,NULL
TblAudit,Optional_5,nvarchar,300,NULL,NULL
TblAudit,RefType,nvarchar,100,NULL,NULL
TblAudit,RefID,nvarchar,50,NULL,NULL
TblAudit,UpdateDate,datetime,NULL,NULL,NULL
TblAudit,UpdateUser,nvarchar,150,NULL,NULL
TblAudit,UpdateHistory,nvarchar,-1,NULL,NULL
TblAudit,HighPriority,bit,NULL,NULL,NULL
TblAudit,VerifyPerson,nvarchar,150,NULL,NULL
TblAudit,VerifyDate,datetime,NULL,NULL,NULL
TblAudit,VerifyComment,nvarchar,-1,NULL,NULL
TblAudit,DaysBeforeReminder,nvarchar,25,NULL,NULL
TblAudit,VerifyByDate,datetime,NULL,NULL,NULL
TblAudit,SubCOEID,int,NULL,NULL,NULL
TblAudit,MultiCC,nvarchar,1000,NULL,NULL
TblAudit,InvestigationDetails,nvarchar,-1,NULL,NULL
TblAudit,CAPARequired,bit,NULL,NULL,NULL
TblAudit,MXWasChecked,bit,NULL,NULL,NULL
TblAudit,MXHasDouble,bit,NULL,NULL,NULL
TblAudit,MXWasUpdated,bit,NULL,NULL,NULL
TblAudit,MXEncode,varchar,30,NULL,NULL
TblAudit,tblAuditID,int,NULL,NULL,NULL
TblAudit,Optional_6,nvarchar,600,NULL,NULL
TblAudit,Optional_7,nvarchar,150,NULL,NULL
TblAudit,Optional_8,nvarchar,150,NULL,NULL
TblAudit,ExternalSubmit,bit,NULL,NULL,NULL
TblAudit,Employee,nvarchar,150,NULL,NULL
TblAudit,coResponPerson,nvarchar,150,NULL,NULL
TblAudit,AutoEscalation,bit,NULL,NULL,NULL
TblAudit,EscalateDueDate,datetime,NULL,NULL,NULL
TblAudit,CASE_PSM,bit,NULL,NULL,NULL
TblAudit,AutoEscalationStep,tinyint,NULL,NULL,NULL
TblAudit,AutoEscalationDays,smallint,NULL,NULL,NULL
TblAudit,ReplicateTblAuditID,int,NULL,NULL,NULL
TblAudit,IsActive,bit,NULL,NULL,NULL
SiteNOV,ORG,int,NULL,PRIMARY KEY,aaaaaSiteNOV_PK
SiteNOV,LOCATION,nvarchar,50,PRIMARY KEY,aaaaaSiteNOV_PK
SiteNOV,NOV_ID,int,NULL,PRIMARY KEY,aaaaaSiteNOV_PK
SiteNOV,NOV_DATE,datetime,NULL,NULL,NULL
SiteNOV,NOV_AGENCY,nvarchar,50,NULL,NULL
SiteNOV,NOV_FOCUS,nvarchar,150,NULL,NULL
SiteNOV,NOV_CLASS,nvarchar,50,NULL,NULL
SiteNOV,NOV_RECEIPT_DATE,datetime,NULL,NULL,NULL
SiteNOV,NOV_RESPONDER,nvarchar,150,NULL,NULL
SiteNOV,NOV_REASON,nvarchar,255,NULL,NULL
SiteNOV,NOV_REG_CITATION,nvarchar,255,NULL,NULL
SiteNOV,NOV_REG_CITATION_DESC,ntext,1073741823,NULL,NULL
SiteNOV,NOV_AREA_PROCESS,nvarchar,1000,NULL,NULL
SiteNOV,NOV_NOTES,nvarchar,1000,NULL,NULL
SiteNOV,NOV_FINE,bit,NULL,NULL,NULL
SiteNOV,INSP_ID,int,NULL,NULL,NULL
SiteNOV,EVENT_ID,int,NULL,NULL,NULL
SiteNOV,UPDATE_BY,nvarchar,50,NULL,NULL
SiteNOV,UPDATE_DATE,datetime,NULL,NULL,NULL
SiteNOV,DATE_RECORDED,smalldatetime,NULL,NULL,NULL
SiteNOV,SiteNOVID,int,NULL,NULL,NULL
SiteNOV,COE,nvarchar,50,NULL,NULL
SiteNOV,SubCOEID,int,NULL,NULL,NULL
SiteNOV,NOV_Level,nvarchar,10,NULL,NULL
SiteNOV,MXWasChecked,bit,NULL,NULL,NULL
SiteNOV,MXHasDouble,bit,NULL,NULL,NULL
SiteNOV,MXWasUpdated,bit,NULL,NULL,NULL
SiteNOV,MXEncode,varchar,30,NULL,NULL
SiteNOV,GFD_ID,int,NULL,NULL,NULL
SiteNOV,Jurisdiction,nvarchar,30,NULL,NULL
SiteNOV,JurisdictionState,nvarchar,100,NULL,NULL
SiteNOV,Resolution,nvarchar,800,NULL,NULL
SiteNOV,WorkstationID,int,NULL,NULL,NULL
SiteInspec,ORG,int,NULL,PRIMARY KEY,aaaaaSiteInspec_PK
SiteInspec,LOCATION,nvarchar,50,PRIMARY KEY,aaaaaSiteInspec_PK
SiteInspec,INSP_ID,int,NULL,PRIMARY KEY,aaaaaSiteInspec_PK
SiteInspec,INSP_DATE,datetime,NULL,NULL,NULL
SiteInspec,INSP_TYPE,nvarchar,50,NULL,NULL
SiteInspec,INSP_AGENCY,nvarchar,250,NULL,NULL
SiteInspec,INSP_AGENCY_TYPE,nvarchar,100,NULL,NULL
SiteInspec,INSP_FOCUS,nvarchar,150,NULL,NULL
SiteInspec,INSP_NOTICE_DATE,datetime,NULL,NULL,NULL
SiteInspec,INSP_SCOPE,nvarchar,2000,NULL,NULL
SiteInspec,INSP_REASON,nvarchar,50,NULL,NULL
SiteInspec,INSP_RESPONDER,nvarchar,150,NULL,NULL
SiteInspec,INSP_RESPONDER_TITLE,nvarchar,100,NULL,NULL
SiteInspec,INSP_INSPECTOR,nvarchar,100,NULL,NULL
SiteInspec,INSP_INSPECTOR_TITLE,nvarchar,100,NULL,NULL
SiteInspec,INSP_EMPLOYEES_INTERVIEW,bit,NULL,NULL,NULL
SiteInspec,INSP_RECORDS_REVIEW,bit,NULL,NULL,NULL
SiteInspec,INSP_NOTES,nvarchar,2000,NULL,NULL
SiteInspec,INSP_CITATION,bit,NULL,NULL,NULL
SiteInspec,UPDATE_BY,nvarchar,50,NULL,NULL
SiteInspec,UPDATE_DATE,datetime,NULL,NULL,NULL
SiteInspec,DATE_RECORDED,smalldatetime,NULL,NULL,NULL
SiteInspec,COE,nvarchar,50,NULL,NULL
SiteInspec,SubCOEID,int,NULL,NULL,NULL
SiteInspec,Insp_Level,nvarchar,10,NULL,NULL
SiteInspec,MXWasChecked,bit,NULL,NULL,NULL
SiteInspec,MXHasDouble,bit,NULL,NULL,NULL
SiteInspec,MXWasUpdated,bit,NULL,NULL,NULL
SiteInspec,MXEncode,varchar,30,NULL,NULL
SiteInspec,SiteInspecID,int,NULL,NULL,NULL
SiteInspec,WorkstationID,int,NULL,NULL,NULL
SiteHandSCase,ORG,int,NULL,NULL,NULL
SiteHandSCase,LOCATION,nvarchar,50,NULL,NULL
SiteHandSCase,R_YEAR,int,NULL,NULL,NULL
SiteHandSCase,R_PERIOD,smallint,NULL,NULL,NULL
SiteHandSCase,CASE_ID,int,NULL,NULL,NULL
SiteHandSCase,CASE_DATE,datetime,NULL,NULL,NULL
SiteHandSCase,CASE_SITENO,nvarchar,50,NULL,NULL
SiteHandSCase,CASE_TIME,varchar,8,NULL,NULL
SiteHandSCase,CASE_SHIFT,nvarchar,30,NULL,NULL
SiteHandSCase,CASE_SUPERVISOR,nvarchar,50,NULL,NULL
SiteHandSCase,CASE_DATE_REPORT,datetime,NULL,NULL,NULL
SiteHandSCase,CASE_EMP_NAME,nvarchar,150,NULL,NULL
SiteHandSCase,CASE_EMP_OCCUPATION,nvarchar,50,NULL,NULL
SiteHandSCase,CASE_EMP_DEPT,nvarchar,50,NULL,NULL
SiteHandSCase,CASE_EMP_BADGE,nvarchar,150,NULL,NULL
SiteHandSCase,CASE_EMP_CONTRACT,bit,NULL,NULL,NULL
SiteHandSCase,CASE_TYPE,nvarchar,50,NULL,NULL
SiteHandSCase,CASE_RECORDABLE,bit,NULL,NULL,NULL
SiteHandSCase,CASE_RATIONAL,nvarchar,350,NULL,NULL
SiteHandSCase,LOCALRECORDABLE,int,NULL,NULL,NULL
SiteHandSCase,LOCALREC_RATIONAL,nvarchar,250,NULL,NULL
SiteHandSCase,CASE_REDLINE,smallint,NULL,NULL,NULL
SiteHandSCase,CASE_DESC,nvarchar,-1,NULL,NULL
SiteHandSCase,CASE_HS_FATALITY,int,NULL,NULL,NULL
SiteHandSCase,CASE_HS_DAFW,smallint,NULL,NULL,NULL
SiteHandSCase,CASE_HS_DAFWRWA,smallint,NULL,NULL,NULL
SiteHandSCase,CASE_HS_NOLOSTTIME,smallint,NULL,NULL,NULL
SiteHandSCase,CASE_HS_DAFW_DAYS,real,NULL,NULL,NULL
SiteHandSCase,CASE_HS_RWA_DAYS,real,NULL,NULL,NULL
SiteHandSCase,CASE_ILL_FATALITY,smallint,NULL,NULL,NULL
SiteHandSCase,CASE_ILL_DAFW,smallint,NULL,NULL,NULL
SiteHandSCase,CASE_ILL_DAFWRWA,smallint,NULL,NULL,NULL
SiteHandSCase,CASE_ILL_NOLOSTTIME,smallint,NULL,NULL,NULL
SiteHandSCase,CASE_ILL_DAFW_DAYS,real,NULL,NULL,NULL
SiteHandSCase,CASE_ILL_RWA_DAYS,real,NULL,NULL,NULL
SiteHandSCase,CASE_ILL_SKIN,smallint,NULL,NULL,NULL
SiteHandSCase,CASE_ILL_DUST,smallint,NULL,NULL,NULL
SiteHandSCase,CASE_ILL_RESP,smallint,NULL,NULL,NULL
SiteHandSCase,CASE_ILL_PHYS,smallint,NULL,NULL,NULL
SiteHandSCase,CASE_ILL_POIS,smallint,NULL,NULL,NULL
SiteHandSCase,CASE_ILL_REPT,smallint,NULL,NULL,NULL
SiteHandSCase,CASE_ILL_OTHER,smallint,NULL,NULL,NULL
SiteHandSCase,CASE_ILL_HEAR,smallint,NULL,NULL,NULL
SiteHandSCase,CASE_LOCATION,nvarchar,50,NULL,NULL
SiteHandSCase,CASE_WORKSTATION,nvarchar,100,NULL,NULL
SiteHandSCase,CASE_ACC_TYPE,nvarchar,50,NULL,NULL
SiteHandSCase,CASE_BODY_PART,nvarchar,150,NULL,NULL
SiteHandSCase,CASE_INJURY_TYPE,nvarchar,50,NULL,NULL
SiteHandSCase,JSAID,nvarchar,50,NULL,NULL
SiteHandSCase,SUBMITTER,nvarchar,150,NULL,NULL
SiteHandSCase,UPDATE_DATE,datetime,NULL,NULL,NULL
SiteHandSCase,ACCIDENT_PLACE,nvarchar,200,NULL,NULL
SiteHandSCase,WAS_ACCIDENT_ON_PREMISES,smallint,NULL,NULL,NULL
SiteHandSCase,CAUSE_OBJECT,nvarchar,200,NULL,NULL
SiteHandSCase,PHYSICIAN_ADDRESS,nvarchar,200,NULL,NULL
SiteHandSCase,HOSPITAL_ADDRESS,nvarchar,200,NULL,NULL
SiteHandSCase,DATE_RECORDED,datetime,NULL,NULL,NULL
SiteHandSCase,LOST_TIME_START_DATE,datetime,NULL,NULL,NULL
SiteHandSCase,LOST_TIME_CLOSURE_DATE,datetime,NULL,NULL,NULL
SiteHandSCase,DATE_DEATH,datetime,NULL,NULL,NULL
SiteHandSCase,CASE_EMP_DATE_HIRE,datetime,NULL,NULL,NULL
SiteHandSCase,CASE_EMP_SEX,nvarchar,150,NULL,NULL
SiteHandSCase,CASE_PRIVACY,bit,NULL,NULL,NULL
SiteHandSCase,CASE_EMP_ADDRESS,nvarchar,150,NULL,NULL
SiteHandSCase,CASE_TREATED_ER,bit,NULL,NULL,NULL
SiteHandSCase,CASE_OVERNIGHT,bit,NULL,NULL,NULL
SiteHandSCase,RWA_START_DATE,datetime,NULL,NULL,NULL
SiteHandSCase,RWA_CLOSURE_DATE,datetime,NULL,NULL,NULL
SiteHandSCase,DATECREATED,datetime,NULL,NULL,NULL
SiteHandSCase,DETAIL_BODY_PART,nvarchar,800,NULL,NULL
SiteHandSCase,JSA_UPDATE,bit,NULL,NULL,NULL
SiteHandSCase,CASE_SHARP,bit,NULL,NULL,NULL
SiteHandSCase,CASE_SHARP_DESC,nvarchar,100,NULL,NULL
SiteHandSCase,CASE_LEVEL,nvarchar,150,NULL,NULL
SiteHandSCase,CASE_PSM,bit,NULL,NULL,NULL
SiteHandSCase,SiteHandSCaseID,int,NULL,PRIMARY KEY,PK_CI_SiteHandSCase_SiteHandSCaseID
SiteHandSCase,CASE_SubCOEID,int,NULL,NULL,NULL
SiteHandSCase,CASE_EMP_SSN,nvarchar,150,NULL,NULL
SiteHandSCase,Component_Code,nvarchar,50,NULL,NULL
SiteHandSCase,Location_Type,tinyint,NULL,NULL,NULL
SiteHandSCase,InSiteCountry,bit,NULL,NULL,NULL
SiteHandSCase,MXWasChecked,bit,NULL,NULL,NULL
SiteHandSCase,MXHasDouble,bit,NULL,NULL,NULL
SiteHandSCase,MXWasUpdated,bit,NULL,NULL,NULL
SiteHandSCase,MXEncode,varchar,30,NULL,NULL
SiteHandSCase,ShiftStartTime,varchar,8,NULL,NULL
SiteHandSCase,Case_Desc_Ext,nvarchar,-1,NULL,NULL
SiteHandSCase,r_periodMonth,int,NULL,NULL,NULL
SiteHandSCase,DAWFoverride,bit,NULL,NULL,NULL
SiteHandSCase,RWAoverride,bit,NULL,NULL,NULL
SiteHandSCase,extentCode,int,NULL,NULL,NULL
SiteHandSCase,CASE_EMP_DATE_BIRTH,nvarchar,150,NULL,NULL
SiteHandSCase,extent_ID,smallint,NULL,NULL,NULL
SiteHandSCase,initFirstAid,bit,NULL,NULL,NULL
SiteHandSCase,escalateII,bit,NULL,NULL,NULL
SiteFines,ORG,int,NULL,PRIMARY KEY,PK_CI_SFines_OrgLocFID
SiteFines,LOCATION,nvarchar,50,PRIMARY KEY,PK_CI_SFines_OrgLocFID
SiteFines,FINE_ID,int,NULL,PRIMARY KEY,PK_CI_SFines_OrgLocFID
SiteFines,FINE_DATE,datetime,NULL,NULL,NULL
SiteFines,FINE_AGENCY,nvarchar,100,NULL,NULL
SiteFines,FINE_FOCUS,nvarchar,150,NULL,NULL
SiteFines,FINE_RECEIPT_DATE,datetime,NULL,NULL,NULL
SiteFines,FINE_RESPONDER,nvarchar,150,NULL,NULL
SiteFines,FINE_REASON,nvarchar,250,NULL,NULL
SiteFines,FINE_REG_CITATION,nvarchar,250,NULL,NULL
SiteFines,FINE_REG_CITATION_DESC,ntext,1073741823,NULL,NULL
SiteFines,FINE_AREA_PROCESS,nvarchar,1000,NULL,NULL
SiteFines,FINE_NOTES,ntext,1073741823,NULL,NULL
SiteFines,FINE_PROPOSED,money,NULL,NULL,NULL
SiteFines,FINE_RESOLVED,int,NULL,NULL,NULL
SiteFines,FINE_PAID,money,NULL,NULL,NULL
SiteFines,FINE_PAID_DATE,datetime,NULL,NULL,NULL
SiteFines,FINE_NOV_ID,int,NULL,NULL,NULL
SiteFines,UPDATE_BY,nvarchar,50,NULL,NULL
SiteFines,UPDATE_DATE,datetime,NULL,NULL,NULL
SiteFines,DATE_RECORDED,smalldatetime,NULL,NULL,NULL
SiteFines,SiteFinesID,int,NULL,NULL,NULL
SiteFines,COE,nvarchar,50,NULL,NULL
SiteFines,SubCOEID,int,NULL,NULL,NULL
SiteFines,Fine_Level,nvarchar,10,NULL,NULL
SiteFines,MXWasChecked,bit,NULL,NULL,NULL
SiteFines,MXHasDouble,bit,NULL,NULL,NULL
SiteFines,MXWasUpdated,bit,NULL,NULL,NULL
SiteFines,MXEncode,varchar,30,NULL,NULL
SiteFines,GFD_ID,int,NULL,NULL,NULL
SiteFines,FineSettleDate,smalldatetime,NULL,NULL,NULL
SiteFines,Jurisdiction,nvarchar,30,NULL,NULL
SiteFines,JurisdictionState,nvarchar,100,NULL,NULL
SiteFines,Resolution,nvarchar,800,NULL,NULL
SiteFines,WorkstationID,int,NULL,NULL,NULL
SiteFindingModule,AuditRecNo,int,NULL,PRIMARY KEY,PK_SFM_ARecNo
SiteFindingModule,Module,nvarchar,200,NULL,NULL
SiteFindingModule,OrgName,nvarchar,50,NULL,NULL
SiteFindingModule,Location,nvarchar,50,NULL,NULL
SiteFindingModule,DeptID,int,NULL,NULL,NULL
SiteFindingModule,SubCOEID,int,NULL,NULL,NULL
SiteFindingModule,AuditType,nvarchar,50,NULL,NULL
SiteFindingModule,MXWasChecked,bit,NULL,NULL,NULL
SiteFindingModule,MXHasDouble,bit,NULL,NULL,NULL
SiteFindingModule,MXWasUpdated,bit,NULL,NULL,NULL
SiteFindingModule,MXEncode,varchar,30,NULL,NULL
SiteFindingModule,Building,nvarchar,50,NULL,NULL
SiteFindingModule,Workstation,nvarchar,100,NULL,NULL
SiteFindingModule,SiteApplicModuleID,int,NULL,NULL,NULL
SiteFindingModule,SecondaryAuditor,nvarchar,150,NULL,NULL
SiteFindingModule,InspectionTime,nvarchar,20,NULL,NULL
SiteFindingModule,InspectionAddress,nvarchar,500,NULL,NULL
SiteFindingModule,Auditor_altEmpID,nvarchar,100,NULL,NULL
SiteFindingModule,AlertNotifications,bit,NULL,NULL,NULL
SiteFindingModule,GPS,varchar,100,NULL,NULL
SiteFindingModule,Equipment_LocationBarcode,nvarchar,-1,NULL,NULL
SiteFindingModule,TotalScore,decimal,NULL,NULL,NULL
SiteFindingModule,totalPossiblescore,decimal,NULL,NULL,NULL
SiteFindingModule,jobNumber,varchar,50,NULL,NULL
SiteFindingModule,ProjectName,varchar,50,NULL,NULL
SiteFindingModule,supervisor1,nvarchar,150,NULL,NULL
SiteFindingModule,supervisor2,nvarchar,150,NULL,NULL
SiteFindingModule,Supervisor,nvarchar,150,NULL,NULL
SiteFindingModule,InspectorHistory,nvarchar,-1,NULL,NULL
SiteFindingModule,Module_ID,int,NULL,NULL,NULL
SiteEvent,ORG,int,NULL,NULL,NULL
SiteEvent,LOCATION,nvarchar,50,NULL,NULL
SiteEvent,EVENT_ID,int,NULL,NULL,NULL
SiteEvent,EVENT_DATE,datetime,NULL,NULL,NULL
SiteEvent,EVENT_TYPE,nvarchar,150,NULL,NULL
SiteEvent,EVENT_CATEGORY,nvarchar,150,NULL,NULL
SiteEvent,EVENT_COE,nvarchar,50,NULL,NULL
SiteEvent,EVENT_BLDG,nvarchar,50,NULL,NULL
SiteEvent,EVENT_AREA_PROCESS,nvarchar,-1,NULL,NULL
SiteEvent,EVENT_NOTICE_DATE,datetime,NULL,NULL,NULL
SiteEvent,EVENT_NOTICE_ORIGIN,nvarchar,255,NULL,NULL
SiteEvent,EVENT_SITE_INITIATOR,nvarchar,100,NULL,NULL
SiteEvent,EVENT_SITE_INITIATOR_TITLE,nvarchar,100,NULL,NULL
SiteEvent,EVENT_SITE_RESPONDER,nvarchar,100,NULL,NULL
SiteEvent,EVENT_SITE_RESPONDER_TITLE,nvarchar,100,NULL,NULL
SiteEvent,EVENT_SITE_RESPONDER_PHONE,nvarchar,50,NULL,NULL
SiteEvent,EVENT_REG_CITATION,nvarchar,255,NULL,NULL
SiteEvent,EVENT_REG_CITATION_DESC,nvarchar,-1,NULL,NULL
SiteEvent,EVENT_REG_REP,bit,NULL,NULL,NULL
SiteEvent,EVENT_NOTES,nvarchar,-1,NULL,NULL
SiteEvent,EVENT_LOSS,nvarchar,255,NULL,NULL
SiteEvent,EVENT_LOSS_VALUE,money,NULL,NULL,NULL
SiteEvent,EVENT_NOV,bit,NULL,NULL,NULL
SiteEvent,EVENT_EXCEED_REASON,nvarchar,-1,NULL,NULL
SiteEvent,EVENT_RESPONSE,nvarchar,-1,NULL,NULL
SiteEvent,EVENT_CLOSURE_REQUIRED,bit,NULL,NULL,NULL
SiteEvent,EVENT_CLOSUREDATE,datetime,NULL,NULL,NULL
SiteEvent,EVENT_LESSONS,nvarchar,-1,NULL,NULL
SiteEvent,EVENT_PARAMETER,nvarchar,255,NULL,NULL
SiteEvent,EVENT_NUM_LIMIT,int,NULL,NULL,NULL
SiteEvent,EVENT_NUM_EXCEED,int,NULL,NULL,NULL
SiteEvent,EVENT_NUM_EXCEED_UNIT,nvarchar,50,NULL,NULL
SiteEvent,EVENT_AIR_EXCEEDANCE,int,NULL,NULL,NULL
SiteEvent,EVENT_AIR_PERMITMISS,int,NULL,NULL,NULL
SiteEvent,EVENT_AIR_PCODE,nvarchar,150,NULL,NULL
SiteEvent,EVENT_AIR_CCODE,nvarchar,150,NULL,NULL
SiteEvent,EVENT_AIR_EUNIT,nvarchar,255,NULL,NULL
SiteEvent,EVENT_AIR_STD,nvarchar,255,NULL,NULL
SiteEvent,EVENT_WW_TYPE,nvarchar,50,NULL,NULL
SiteEvent,EVENT_WW_PCODE,nvarchar,150,NULL,NULL
SiteEvent,EVENT_WW_CCODE,nvarchar,150,NULL,NULL
SiteEvent,EVENT_WW_DMEXCEED,decimal,NULL,NULL,NULL
SiteEvent,EVENT_WW_MAEXCEED,decimal,NULL,NULL,NULL
SiteEvent,EVENT_WW_OTHEREXCEED,decimal,NULL,NULL,NULL
SiteEvent,EVENT_WW_RECURRENT,int,NULL,NULL,NULL
SiteEvent,UPDATE_BY,nvarchar,50,NULL,NULL
SiteEvent,UPDATE_DATE,datetime,NULL,NULL,NULL
SiteEvent,DATE_RECORDED,smalldatetime,NULL,NULL,NULL
SiteEvent,Event_SiteNo,nvarchar,50,NULL,NULL
SiteEvent,Event_Level,nvarchar,150,NULL,NULL
SiteEvent,Event_Time,nvarchar,15,NULL,NULL
SiteEvent,Event_PSM,bit,NULL,NULL,NULL
SiteEvent,SiteEventID,int,NULL,PRIMARY KEY,IND_PK_CI_SiteEvent_SiteEventID
SiteEvent,GFD_ID,int,NULL,NULL,NULL
SiteEvent,SubCOEID,int,NULL,NULL,NULL
SiteEvent,Location_Type,tinyint,NULL,NULL,NULL
SiteEvent,MXWasChecked,bit,NULL,NULL,NULL
SiteEvent,MXHasDouble,bit,NULL,NULL,NULL
SiteEvent,MXWasUpdated,bit,NULL,NULL,NULL
SiteEvent,MXEncode,varchar,30,NULL,NULL
SiteEvent,EVENT_SPILL_TYPE,int,NULL,NULL,NULL
SiteEvent,SiteHandSCaseID,int,NULL,NULL,NULL
SiteEvent,INJURY,bit,NULL,NULL,NULL
SiteEvent,closed_by,nvarchar,50,NULL,NULL
SiteEvent,Event_Shift,nvarchar,30,NULL,NULL
SiteEvent,WorkstationID,int,NULL,NULL,NULL
SiteEvent,parSiteEventID,int,NULL,NULL,NULL
SiteEvent,ClosureVerifiedDate,datetime,NULL,NULL,NULL
SiteEvent,primaryRefID,int,NULL,NULL,NULL
SiteAttach,ORG,int,NULL,NULL,NULL
SiteAttach,LOCATION,nvarchar,50,NULL,NULL
SiteAttach,OBJNAME,nvarchar,100,NULL,NULL
SiteAttach,CAPTION,nvarchar,200,NULL,NULL
SiteAttach,PARENT_TYPE,nvarchar,100,NULL,NULL
SiteAttach,ID,nvarchar,255,NULL,NULL
SiteAttach,UPDATE_DATE,datetime,NULL,NULL,NULL
SiteAttach,BROWSEALLOW,bit,NULL,NULL,NULL
SiteAttach,WebLink,nvarchar,1000,NULL,NULL
SiteAttach,Application,nvarchar,50,NULL,NULL
SiteAttach,AttachID,int,NULL,PRIMARY KEY,PK_SiteAttach_AttachID
SiteAttach,BUSINESS,nvarchar,50,NULL,NULL
SiteAttach,ID_Type,nvarchar,255,NULL,NULL
SiteAttach,MXWasChecked,bit,NULL,NULL,NULL
SiteAttach,MXHasDouble,bit,NULL,NULL,NULL
SiteAttach,MXWasUpdated,bit,NULL,NULL,NULL
SiteAttach,MXEncode,varchar,30,NULL,NULL
SiteAttach,ID_Desc,nvarchar,1000,NULL,NULL
SiteAttach,ParentFolderID,nvarchar,100,NULL,NULL
SiteAttach,FolderLevel,int,NULL,NULL,NULL
SiteAttach,isFolder,bit,NULL,NULL,NULL
SiteAttach,folderID,nvarchar,100,NULL,NULL
SiteAttach,UpdateBy,nvarchar,150,NULL,NULL
SiteAttach,Movedtos3,bit,NULL,NULL,NULL
SiteAttach,attachGUID,uniqueidentifier,NULL,NULL,NULL
SiteAttach,guidExtension,varchar,50,NULL,NULL
SiteAttach,filesizeBytes,bigint,NULL,NULL,NULL
SiteAttach,LastAccessed,datetime,NULL,NULL,NULL
SiteAttach,Archive,bit,NULL,NULL,NULL
SiteAttach,ArchiveDate,datetime,NULL,NULL,NULL
SiteAttach,ArchiveReason,varchar,25,NULL,NULL
SiteAttach,CreatedDate,datetimeoffset,NULL,NULL,NULL
SiteAttach,CreatedBy,nvarchar,150,NULL,NULL
siteapplicmoduledetail,reftype,nvarchar,100,NULL,NULL
siteapplicmoduledetail,refid,int,NULL,NULL,NULL
siteapplicmoduledetail,siteapplicmoduleid,int,NULL,NULL,NULL
siteapplicmoduledetail,ItemText,nvarchar,2000,NULL,NULL
siteapplicmoduledetail,samdID,int,NULL,PRIMARY KEY,pk_SiteApplicModuleDetail
siteapplicmodule,OrgName,nvarchar,50,NULL,NULL
siteapplicmodule,Location,nvarchar,50,NULL,NULL
siteapplicmodule,Module,nvarchar,200,NULL,NULL
siteapplicmodule,RespPerson,nvarchar,150,NULL,NULL
siteapplicmodule,CompDate,datetime,NULL,NULL,NULL
siteapplicmodule,Applicability,nvarchar,1000,NULL,NULL
siteapplicmodule,UpdateDate,datetime,NULL,NULL,NULL
siteapplicmodule,UpdateBy,nvarchar,100,NULL,NULL
siteapplicmodule,Applicable,int,NULL,NULL,NULL
siteapplicmodule,MXWasChecked,bit,NULL,NULL,NULL
siteapplicmodule,MXHasDouble,bit,NULL,NULL,NULL
siteapplicmodule,MXWasUpdated,bit,NULL,NULL,NULL
siteapplicmodule,MXEncode,varchar,30,NULL,NULL
siteapplicmodule,DeptID,int,NULL,NULL,NULL
siteapplicmodule,SubCOEID,int,NULL,NULL,NULL
siteapplicmodule,Building,nvarchar,50,NULL,NULL
siteapplicmodule,Workstation,nvarchar,100,NULL,NULL
siteapplicmodule,Frequency,nvarchar,50,NULL,NULL
siteapplicmodule,BusRequired,bit,NULL,NULL,NULL
siteapplicmodule,SiteApplicModuleID,int,NULL,PRIMARY KEY,PK_SAM_SAMID
siteapplicmodule,StartDate,datetime,NULL,NULL,NULL
siteapplicmodule,AuditType,nvarchar,50,NULL,NULL
siteapplicmodule,ModifyPastDue,bit,NULL,NULL,NULL
siteapplicmodule,EndDate,datetime,NULL,NULL,NULL
siteapplicmodule,NumDays,int,NULL,NULL,NULL
siteapplicmodule,MasterSAMID,int,NULL,NULL,NULL
siteapplicmodule,CCPerson,nvarchar,300,NULL,NULL
siteapplicmodule,MailAttachments,tinyint,NULL,NULL,NULL
siteapplicmodule,AltBarcode,nvarchar,25,NULL,NULL
siteapplicmodule,CCOther,nvarchar,300,NULL,NULL
siteapplicmodule,CCMissed,nvarchar,300,NULL,NULL
siteapplicmodule,NotifyNC,int,NULL,NULL,NULL
siteapplicmodule,CCNotifyNC,nvarchar,300,NULL,NULL
siteapplicmodule,ExportPermission,bit,NULL,NULL,NULL
siteapplicmodule,AllowRPEdit,bit,NULL,NULL,NULL
siteapplicmodule,RPSequenceID,int,NULL,NULL,NULL
siteapplicmodule,PassFailCheck,int,NULL,NULL,NULL
siteapplicmodule,Employee,nvarchar,300,NULL,NULL
siteapplicmodule,MultiRemindDays,nvarchar,25,NULL,NULL
siteapplicmodule,LastMultiRemind,int,NULL,NULL,NULL
siteapplicmodule,zoneID,int,NULL,NULL,NULL
siteapplicmodule,AdhocInspection,int,NULL,NULL,NULL
siteapplicmodule,FrequencySet,nvarchar,300,NULL,NULL
siteapplicmodule,insparchive,bit,NULL,NULL,NULL
siteapplicmodule,suborgid,int,NULL,FOREIGN KEY,FK_siteapplicmodule_suborgid_suborg_suborgid
siteapplicmodule,jobCode,nvarchar,100,NULL,NULL
siteapplicmodule,EmailUpComing,bit,NULL,NULL,NULL
siteapplicmodule,ShowPreviousFinding,bit,NULL,NULL,NULL
siteapplicmodule,LockCompleted,bit,NULL,NULL,NULL
siteapplicmodule,Module_ID,int,NULL,NULL,NULL
siteapplicmodule,RetagInspectDept,bit,NULL,NULL,NULL
siteapplicmodule,TimezoneID,int,NULL,NULL,NULL
siteapplicmodule,CompGraceDays,int,NULL,NULL,NULL
siteapplicmodule,StatusId,smallint,NULL,NULL,NULL
siteapplicmodule,RefType,varchar,100,NULL,NULL
siteapplicmodule,RefID,int,NULL,NULL,NULL
Site,ORGNAME,nvarchar,50,PRIMARY KEY,PK_Site
Site,Location,nvarchar,50,PRIMARY KEY,PK_Site
Site,ADMIN,nvarchar,50,NULL,NULL
Site,MANAGER,nvarchar,100,NULL,NULL
Site,OPS_MANAGER,nvarchar,100,NULL,NULL
Site,PASSWORD,nvarchar,50,NULL,NULL
Site,SUBORG,nvarchar,50,NULL,NULL
Site,ATSCC_ON,bit,NULL,NULL,NULL
Site,SITEDESC,nvarchar,1000,NULL,NULL
Site,Archive,bit,NULL,NULL,NULL
Site,ProjCal,bit,NULL,NULL,NULL
Site,SubSite,bit,NULL,NULL,NULL
Site,DefaultOrg,nvarchar,50,NULL,NULL
Site,DefaultTypeGroup,nvarchar,50,NULL,NULL
Site,SiteRegion,nvarchar,50,NULL,NULL
Site,SiteCountry,nvarchar,50,NULL,NULL
Site,SiteTimeZone,nvarchar,70,NULL,NULL
Site,POWER_ON,bit,NULL,NULL,NULL
Site,SiteID,int,NULL,NULL,NULL
Site,COMPLIANCE_MANAGER,nvarchar,150,NULL,NULL
Site,UpdateBy,nvarchar,150,NULL,NULL
Site,UpdateDate,datetime,NULL,NULL,NULL
Site,UpdateHistory,ntext,1073741823,NULL,NULL
Site,SubCOE,bit,NULL,NULL,NULL
Site,DateCreated,smalldatetime,NULL,NULL,NULL
Site,DateArchived,smalldatetime,NULL,NULL,NULL
Site,PowerSuite_ON,smallint,NULL,NULL,NULL
Site,update_user,nvarchar,50,NULL,NULL
Site,VirtualSite,bit,NULL,NULL,NULL
Site,MXWasChecked,bit,NULL,NULL,NULL
Site,MXHasDouble,bit,NULL,NULL,NULL
Site,MXWasUpdated,bit,NULL,NULL,NULL
Site,MXEncode,varchar,30,NULL,NULL
Site,Cockpit,bit,NULL,NULL,NULL
Site,CompanyCockpit,bit,NULL,NULL,NULL
Site,PIT_ON,bit,NULL,NULL,NULL
Site,courseregion,char,1,NULL,NULL
Site,Latitude,float,NULL,NULL,NULL
Site,Longitude,float,NULL,NULL,NULL
Site,SiteAddress,nvarchar,400,NULL,NULL
Site,SiteState,nvarchar,100,NULL,NULL
Site,SiteZip,nvarchar,25,NULL,NULL
Site,Nickname,nvarchar,100,NULL,NULL
Site,IsDemo,bit,NULL,NULL,NULL
Site,OperatingProfile,nvarchar,75,NULL,NULL
qrySiteSiteDetail,ORG,int,NULL,NULL,NULL
qrySiteSiteDetail,LOCATION,nvarchar,50,NULL,NULL
qrySiteSiteDetail,IIStart_Date,datetime,NULL,NULL,NULL
qrySiteSiteDetail,IISite_Type,nvarchar,50,NULL,NULL
qrySiteSiteDetail,CORP_CODE,nvarchar,50,NULL,NULL
qrySiteSiteDetail,WORLD_REGION,nvarchar,50,NULL,NULL
qrySiteSiteDetail,Reporting,smallint,NULL,NULL,NULL
qrySiteSiteDetail,Report_Start,datetime,NULL,NULL,NULL
qrySiteSiteDetail,SiteIandI,smallint,NULL,NULL,NULL
qrySiteSiteDetail,SiteTT,smallint,NULL,NULL,NULL
qrySiteSiteDetail,SiteATS,smallint,NULL,NULL,NULL
qrySiteSiteDetail,SubOrg_Rollup,int,NULL,NULL,NULL
qrySiteSiteDetail,ADDRESS,nvarchar,200,NULL,NULL
qrySiteSiteDetail,CITY,nvarchar,50,NULL,NULL
qrySiteSiteDetail,STATE,nvarchar,50,NULL,NULL
qrySiteSiteDetail,ZIP,nvarchar,50,NULL,NULL
qrySiteSiteDetail,COUNTRY,nvarchar,50,NULL,NULL
qrySiteSiteDetail,SIC_CODES,nvarchar,100,NULL,NULL
qrySiteSiteDetail,SIC_DESC,nvarchar,250,NULL,NULL
qrySiteSiteDetail,BUSINESS_SEGMENT,nvarchar,50,NULL,NULL
qrySiteSiteDetail,NUM_CONTRACT_EMP,int,NULL,NULL,NULL
qrySiteSiteDetail,NUM_HOURLY_EMP,int,NULL,NULL,NULL
qrySiteSiteDetail,NUM_SALARY_EMP,int,NULL,NULL,NULL
qrySiteSiteDetail,VPP_Status,nvarchar,100,NULL,NULL
qrySiteSiteDetail,VPP_Date,nvarchar,50,NULL,NULL
qrySiteSiteDetail,VPP_Comment,nvarchar,500,NULL,NULL
qrySiteSiteDetail,AIR_Permit,bit,NULL,NULL,NULL
qrySiteSiteDetail,AIR_Comment,nvarchar,500,NULL,NULL
qrySiteSiteDetail,WATER_Permit,bit,NULL,NULL,NULL
qrySiteSiteDetail,WATER_Comment,nvarchar,500,NULL,NULL
qrySiteSiteDetail,WASTE_Permit,bit,NULL,NULL,NULL
qrySiteSiteDetail,WASTE_Comment,nvarchar,500,NULL,NULL
qrySiteSiteDetail,COMMENTS,nvarchar,500,NULL,NULL
qrySiteSiteDetail,TERMINATION_DATE,datetime,NULL,NULL,NULL
qrySiteSiteDetail,SiteSS,smallint,NULL,NULL,NULL
qrySiteSiteDetail,COMMONNAME,nvarchar,50,NULL,NULL
qrySiteSiteDetail,UPDATE_DATE,datetime,NULL,NULL,NULL
qrySiteSiteDetail,UPDATE_BY,nvarchar,50,NULL,NULL
qrySiteSiteDetail,Legal_Entity_Name,nvarchar,100,NULL,NULL
qrySiteSiteDetail,CORP_REPORT_START_DATE,smalldatetime,NULL,NULL,NULL
qrySiteSiteDetail,initRepOn,bit,NULL,NULL,NULL
qrySiteSiteDetail,ORGNAME,nvarchar,50,NULL,NULL
qrySiteSiteDetail,Archive,bit,NULL,NULL,NULL
qrySiteSiteDetail,ADMIN,nvarchar,50,NULL,NULL
qrySiteSiteDetail,ATSCC_ON,bit,NULL,NULL,NULL
qrySiteSiteDetail,MANAGER,nvarchar,100,NULL,NULL
qrySiteSiteDetail,orgadmin,nvarchar,50,NULL,NULL
qrySiteSiteDetail,BUSINESS,nvarchar,50,NULL,NULL
qrySiteSiteDetail,OPS_MANAGER,nvarchar,100,NULL,NULL
qrySiteSiteDetail,AllSubOrgs,nvarchar,2000,NULL,NULL
qrySiteSiteDetail,SUBORG,nvarchar,50,NULL,NULL
qrySiteSiteDetail,PASSWORD,nvarchar,50,NULL,NULL
qrySiteSiteDetail,OrgArchive,bit,NULL,NULL,NULL
qrySiteSiteDetail,SiteID,int,NULL,NULL,NULL
qrySiteSiteDetail,PowerSuite_ON,smallint,NULL,NULL,NULL
qrySiteSiteDetail,Cockpit,bit,NULL,NULL,NULL
qrySiteSiteDetail,IIRecCode,nvarchar,50,NULL,NULL
qrySiteSiteDetail,isdemo,bit,NULL,NULL,NULL
qryOrgSite,org,int,NULL,NULL,NULL
qryOrgSite,AllSubOrgs,nvarchar,2000,NULL,NULL
qryOrgSite,orgadmin,nvarchar,50,NULL,NULL
qryOrgSite,business,nvarchar,50,NULL,NULL
qryOrgSite,subBusiness,nvarchar,50,NULL,NULL
qryOrgSite,OrgArchive,bit,NULL,NULL,NULL
qryOrgSite,ORGNAME,nvarchar,50,NULL,NULL
qryOrgSite,Location,nvarchar,50,NULL,NULL
qryOrgSite,ADMIN,nvarchar,50,NULL,NULL
qryOrgSite,MANAGER,nvarchar,100,NULL,NULL
qryOrgSite,OPS_MANAGER,nvarchar,100,NULL,NULL
qryOrgSite,PASSWORD,nvarchar,50,NULL,NULL
qryOrgSite,SUBORG,nvarchar,50,NULL,NULL
qryOrgSite,ATSCC_ON,bit,NULL,NULL,NULL
qryOrgSite,SITEDESC,nvarchar,1000,NULL,NULL
qryOrgSite,Archive,bit,NULL,NULL,NULL
qryOrgSite,ProjCal,bit,NULL,NULL,NULL
qryOrgSite,SubSite,bit,NULL,NULL,NULL
qryOrgSite,DefaultOrg,nvarchar,50,NULL,NULL
qryOrgSite,DefaultTypeGroup,nvarchar,50,NULL,NULL
qryOrgSite,SiteRegion,nvarchar,50,NULL,NULL
qryOrgSite,SiteCountry,nvarchar,50,NULL,NULL
qryOrgSite,SiteTimeZone,nvarchar,70,NULL,NULL
qryOrgSite,POWER_ON,bit,NULL,NULL,NULL
qryOrgSite,SiteID,int,NULL,NULL,NULL
qryOrgSite,COMPLIANCE_MANAGER,nvarchar,150,NULL,NULL
qryOrgSite,UpdateBy,nvarchar,150,NULL,NULL
qryOrgSite,UpdateDate,datetime,NULL,NULL,NULL
qryOrgSite,UpdateHistory,ntext,1073741823,NULL,NULL
qryOrgSite,SubCOE,bit,NULL,NULL,NULL
qryOrgSite,PowerSuite_ON,smallint,NULL,NULL,NULL
qryOrgSite,Cockpit,bit,NULL,NULL,NULL
qryOrgSite,CompanyCockpit,bit,NULL,NULL,NULL
qryOrgSite,isDemo,bit,NULL,NULL,NULL
qryOrgSite,nickname,nvarchar,100,NULL,NULL
Profile_Data,DataID,int,NULL,PRIMARY KEY,PK_Profile_Data
Profile_Data,ItemCode,nvarchar,50,NULL,NULL
Profile_Data,OptionID,int,NULL,NULL,NULL
Profile_Data,TextAnswer,nvarchar,3000,NULL,NULL
Profile_Data,DataYear,smallint,NULL,NULL,NULL
Profile_Data,DataPeriod,tinyint,NULL,NULL,NULL
Profile_Data,DataDate,datetime,NULL,NULL,NULL
Profile_Data,DataOrg,nvarchar,50,NULL,NULL
Profile_Data,DataSuborg,nvarchar,50,NULL,NULL
Profile_Data,DataSite,nvarchar,50,NULL,NULL
Profile_Data,DataCOE,nvarchar,50,NULL,NULL
Profile_Data,DataSubCOE,nvarchar,50,NULL,NULL
Profile_Data,DataSupervisor,nvarchar,50,NULL,NULL
Profile_Data,UpdateBy,nvarchar,50,NULL,NULL
Profile_Data,UpdateDate,smalldatetime,NULL,NULL,NULL
Profile_Data,Archive,bit,NULL,NULL,NULL
Profile_Data,Goal,bit,NULL,NULL,NULL
Profile_Data,DataGroupID,int,NULL,NULL,NULL
Profile_Data,DataRegion,nvarchar,200,NULL,NULL
Profile_Data,DataCountry,nvarchar,50,NULL,NULL
Profile_Data,DataSubSite,nvarchar,50,NULL,NULL
Profile_Data,DataBusiness,nvarchar,100,NULL,NULL
Profile_Data,DataCustomGroup,nvarchar,50,NULL,NULL
Profile_Data,MemoAnswer,ntext,1073741823,NULL,NULL
Profile_Data,MXWasChecked,bit,NULL,NULL,NULL
Profile_Data,MXHasDouble,bit,NULL,NULL,NULL
Profile_Data,MXWasUpdated,bit,NULL,NULL,NULL
Profile_Data,MXEncode,varchar,30,NULL,NULL
Org,ORGNAME,nvarchar,50,PRIMARY KEY,aaaaaOrg_PK
Org,TABLE,int,NULL,UNIQUE,TABLE
Org,ORGPASSWORD,nvarchar,50,NULL,NULL
Org,ADMIN,nvarchar,50,NULL,NULL
Org,SUBORG,nvarchar,-1,NULL,NULL
Org,BUSINESS,nvarchar,50,NULL,NULL
Org,ARCHIVE,bit,NULL,NULL,NULL
Org,OrgID,smallint,NULL,NULL,NULL
Org,SubBusiness,nvarchar,50,NULL,NULL
Org,update_user,nvarchar,50,NULL,NULL
Org,MXWasChecked,bit,NULL,NULL,NULL
Org,MXHasDouble,bit,NULL,NULL,NULL
Org,MXWasUpdated,bit,NULL,NULL,NULL
Org,MXEncode,varchar,30,NULL,NULL
Org,busOrgID,int,NULL,NULL,NULL
ltbworkstation,WkStID,int,NULL,PRIMARY KEY,PK_ltbWS_WkStID
ltbworkstation,OrgID,int,NULL,FOREIGN KEY,FK_ltbworkstation_Org
ltbworkstation,SubOrgID,int,NULL,FOREIGN KEY,FK_ltbworkstation_SubOrg
ltbworkstation,SiteID,int,NULL,FOREIGN KEY,FK_ltbworkstation_Site
ltbworkstation,WorkStationName,nvarchar,100,NULL,NULL
ltbworkstation,Description,nvarchar,250,NULL,NULL
ltbworkstation,CreateDate,datetime,NULL,NULL,NULL
ltbworkstation,UpdateDate,datetime,NULL,NULL,NULL
ltbworkstation,UpdateBy,nvarchar,50,NULL,NULL
ltbworkstation,Archive,bit,NULL,NULL,NULL
ltbworkstation,UTM_North,nvarchar,30,NULL,NULL
ltbworkstation,UTM_East,nvarchar,30,NULL,NULL
ltbworkstation,UTM_Zone,smallint,NULL,NULL,NULL
ltbworkstation,UTM_Hemi,nvarchar,1,NULL,NULL
ltbworkstation,BldgID,int,NULL,NULL,NULL
ltbworkstation,Latitude,float,NULL,NULL,NULL
ltbworkstation,Longitude,float,NULL,NULL,NULL
ltbUnsafeCondition,ID,int,NULL,PRIMARY KEY,PK_ItbUnsafeCond_ID
ltbUnsafeCondition,UnsafeCondition,nvarchar,600,NULL,NULL
ltbUnsafeCondition,SortNumber,int,NULL,NULL,NULL
ltbUnsafeAction,ID,int,NULL,PRIMARY KEY,PK_ItbUnsafeAct_ID
ltbUnsafeAction,UnsafeAction,nvarchar,600,NULL,NULL
ltbUnsafeAction,SortNumber,int,NULL,NULL,NULL
LtbSubSite,SubSiteID,int,NULL,PRIMARY KEY,PK_LtbSubSite_SubSiteID
LtbSubSite,SubSite,nvarchar,200,NULL,NULL
LtbSubSite,SiteID,int,NULL,NULL,NULL
LtbSubSite,Admin,nvarchar,150,NULL,NULL
LtbSubSite,Manager,nvarchar,150,NULL,NULL
LtbSubSite,OpsLead,nvarchar,150,NULL,NULL
LtbSubSite,Archive,bit,NULL,NULL,NULL
LtbSubSite,CreateDate,datetime2,NULL,NULL,NULL
ltbRoles,RoleID,int,NULL,PRIMARY KEY,PK__ltbRoles__0A9F2C89
ltbRoles,RoleDisplayName,nvarchar,50,NULL,NULL
ltbRoles,RoleSysName,nvarchar,50,NULL,NULL
ltbRoles,Active,bit,NULL,NULL,NULL
ltbRoles,AppID,int,NULL,NULL,NULL
ltbRoles,CreateDate,datetime,NULL,NULL,NULL
ltbRoles,CreateBy,nvarchar,50,NULL,NULL
ltbRoles,UpdateDate,datetime,NULL,NULL,NULL
ltbRoles,UpdateBy,nvarchar,50,NULL,NULL
ltbPersonalFactorGroup,ID,int,NULL,PRIMARY KEY,PK_ItbPerFactgrp_ID
ltbPersonalFactorGroup,PersonalFactorGroup,nvarchar,600,NULL,NULL
ltbPersonalFactorGroup,SortNumber,int,NULL,NULL,NULL
ltbPersonalFactor,ID,int,NULL,PRIMARY KEY,PK_ItbPerFact_ID
ltbPersonalFactor,PersonalFactor,nvarchar,600,NULL,NULL
ltbPersonalFactor,PersonalFactorGroupID,int,NULL,FOREIGN KEY,FK_ItbPerFact_PerFacGrpID_ItbPerFactgrpID
ltbPersonalFactor,SortNumber,int,NULL,NULL,NULL
ltbManagementSystems,ID,int,NULL,PRIMARY KEY,PK_Itbmnmgtsys_ID
ltbManagementSystems,Systems,nvarchar,600,NULL,NULL
ltbManagementSystems,SortNumber,int,NULL,NULL,NULL
ltbJobFactorGroup,ID,int,NULL,PRIMARY KEY,PK_ItbJobFactGrp_ID
ltbJobFactorGroup,JobFactorGroup,nvarchar,600,NULL,NULL
ltbJobFactorGroup,SortNumber,int,NULL,NULL,NULL
ltbJobFactor,ID,int,NULL,PRIMARY KEY,PK_ItbJobFact_ID
ltbJobFactor,JobFactor,nvarchar,600,NULL,NULL
ltbJobFactor,JobFactorGroupID,int,NULL,FOREIGN KEY,FK_ItbJobFact_JobPerFacGrpID_ItbJobFactGrpID
ltbJobFactor,SortNumber,int,NULL,NULL,NULL
ltbIandI,ID,int,NULL,PRIMARY KEY,PK_ltbIandI
ltbIandI,LIST_TYPE,nvarchar,50,NULL,NULL
ltbIandI,LIST_ITEM,nvarchar,255,NULL,NULL
ltbIandI,LIST_CATEGORY,nvarchar,50,NULL,NULL
ltbIandI,LIST_ITEM_DESCRIPTION,nvarchar,-1,NULL,NULL
ltbIandI,SORTNO,int,NULL,NULL,NULL
ltbIandI,ORG,int,NULL,NULL,NULL
ltbIandI,SUBORG,nvarchar,50,NULL,NULL
ltbIandI,LOCATION,nvarchar,50,NULL,NULL
ltbIandI,Status,tinyint,NULL,NULL,NULL
ltbIandI,MXWasChecked,bit,NULL,NULL,NULL
ltbIandI,MXHasDouble,bit,NULL,NULL,NULL
ltbIandI,MXWasUpdated,bit,NULL,NULL,NULL
ltbIandI,MXEncode,varchar,30,NULL,NULL
ltbIandI,List_Item_Alias,nvarchar,255,NULL,NULL
ltbIandI,List_Item_Option,int,NULL,NULL,NULL
ltbIandI,list_item_code,nvarchar,400,NULL,NULL
ltbFindingType,SortNo,float,NULL,NULL,NULL
ltbFindingType,FindingName,nvarchar,100,PRIMARY KEY,ltbFindingType_PK
ltbFindingType,Metric,bit,NULL,NULL,NULL
ltbFindingType,FindingStr,nvarchar,100,NULL,NULL
ltbFindingType,PriorityClass,nvarchar,50,NULL,NULL
ltbFindingType,Archive,bit,NULL,NULL,NULL
ltbFindingType,MXWasChecked,bit,NULL,NULL,NULL
ltbFindingType,MXHasDouble,bit,NULL,NULL,NULL
ltbFindingType,MXWasUpdated,bit,NULL,NULL,NULL
ltbFindingType,MXEncode,varchar,30,NULL,NULL
ltbFindingType,ltbFindingTypeID,int,NULL,NULL,NULL
ltbEvent,SortNo,real,NULL,NULL,NULL
ltbEvent,List_Type,nvarchar,50,NULL,NULL
ltbEvent,List_Item,nvarchar,250,NULL,NULL
ltbEvent,List_Category,nvarchar,50,NULL,NULL
ltbEvent,List_Item_Description,nvarchar,-1,NULL,NULL
ltbEvent,AgentExclude,bit,NULL,NULL,NULL
ltbEvent,MXWasChecked,bit,NULL,NULL,NULL
ltbEvent,MXHasDouble,bit,NULL,NULL,NULL
ltbEvent,MXWasUpdated,bit,NULL,NULL,NULL
ltbEvent,MXEncode,varchar,30,NULL,NULL
ltbEvent,Status,tinyint,NULL,NULL,NULL
ltbEvent,List_Item_Option,int,NULL,NULL,NULL
ltbEvent,UpdateDate,datetime,NULL,NULL,NULL
ltbEvent,List_Item_Alias,nvarchar,50,NULL,NULL
ltbEvent,CustomFileToInclude,nvarchar,50,NULL,NULL
ltbEvent,list_category_alias,nvarchar,50,NULL,NULL
ltbEvent,ltbEventID,int,NULL,PRIMARY KEY,PK_ltbEvent
ltbEvent,list_item_code,nvarchar,50,NULL,NULL
ltbEvent,SiteID,int,NULL,FOREIGN KEY,FK_ltbEvent_SiteID
ltbEvent,OrgID,int,NULL,FOREIGN KEY,FK_ltbEvent_ORGID
ltbEvent,SuborgID,int,NULL,FOREIGN KEY,FK_ltbEvent_SubOrgID
ltbEvent,Restricted_List_Item,bit,NULL,NULL,NULL
ltbEvent,Updateby,nvarchar,100,NULL,NULL
ltbEvent,List_item_country,nvarchar,100,NULL,NULL
ltbEvent,open_access,bit,NULL,NULL,NULL
ltbEvent,list_item_display,nvarchar,500,NULL,NULL
ltbEvent,list_item_group,nvarchar,500,NULL,NULL
ltbEvent,list_item_accessLevel,nvarchar,200,NULL,NULL
ltbEvent,list_item_rights,nvarchar,-1,NULL,NULL
ltbEvent,list_item_restrictoption,tinyint,NULL,NULL,NULL
ltbEvent,list_item_parentid,smallint,NULL,NULL,NULL
ltbEvent,list_item_distributionlist,nvarchar,500,NULL,NULL
ltbEvent,list_item_primaryonly,bit,NULL,NULL,NULL
ltbEvent,list_item_subonly,bit,NULL,NULL,NULL
ltbEvent,busFunction,nvarchar,50,NULL,NULL
ltbEvent,open_access_add,bit,NULL,NULL,NULL
ltbEnvPriority,SortOrder,smallint,NULL,NULL,NULL
ltbEnvPriority,Words,nvarchar,50,PRIMARY KEY,PK_ltbEnvPriority
ltbEnvPriority,MXWasChecked,bit,NULL,NULL,NULL
ltbEnvPriority,MXHasDouble,bit,NULL,NULL,NULL
ltbEnvPriority,MXWasUpdated,bit,NULL,NULL,NULL
ltbEnvPriority,MXEncode,varchar,30,NULL,NULL
ltbEnvPriority,ClosureID,smallint,NULL,NULL,NULL
ltbEnvPriority,Description,nvarchar,1500,NULL,NULL
ltbEnvPriority,EnvPriorityID,int,NULL,NULL,NULL
ltbContact_Permissions,ID,int,NULL,PRIMARY KEY,ltbContact_Permissions_PK
ltbContact_Permissions,Contact_Name,nvarchar,150,NULL,NULL
ltbContact_Permissions,Application,nvarchar,255,NULL,NULL
ltbContact_Permissions,Org,nvarchar,50,NULL,NULL
ltbContact_Permissions,Suborg,nvarchar,50,NULL,NULL
ltbContact_Permissions,Location,nvarchar,50,NULL,NULL
ltbContact_Permissions,SubSite,nvarchar,50,NULL,NULL
ltbContact_Permissions,Department,nvarchar,50,NULL,NULL
ltbContact_Permissions,Level,nvarchar,50,NULL,NULL
ltbContact_Permissions,SpecialRights,nvarchar,1000,NULL,NULL
ltbContact_Permissions,Status,nvarchar,25,NULL,NULL
ltbContact_Permissions,Approver,nvarchar,100,NULL,NULL
ltbContact_Permissions,RequestDate,datetime,NULL,NULL,NULL
ltbContact_Permissions,RequestDesc,nvarchar,2000,NULL,NULL
ltbContact_Permissions,ApprovalDesc,nvarchar,1000,NULL,NULL
ltbContact_Permissions,UpdateDate,datetime,NULL,NULL,NULL
ltbContact_Permissions,UpdateBy,nvarchar,150,NULL,NULL
ltbContact_Permissions,Business,nvarchar,50,NULL,NULL
ltbContact_Permissions,Category,nvarchar,500,NULL,NULL
ltbContact_Permissions,DistributionLists,nvarchar,2300,NULL,NULL
ltbContact_Permissions,ParentID,int,NULL,NULL,NULL
ltbContact_Permissions,MXWasChecked,bit,NULL,NULL,NULL
ltbContact_Permissions,MXHasDouble,bit,NULL,NULL,NULL
ltbContact_Permissions,MXWasUpdated,bit,NULL,NULL,NULL
ltbContact_Permissions,MXEncode,varchar,30,NULL,NULL
ltbContact_Permissions,APPR,bit,NULL,NULL,NULL
ltbContact_Permissions,DLA,bit,NULL,NULL,NULL
ltbContact_Permissions,BA,bit,NULL,NULL,NULL
ltbContact_Permissions,ExpirationDate,datetime,NULL,NULL,NULL
ltbContact_Permissions,PermissionRoleID,int,NULL,NULL,NULL
ltbContact_Permissions,UserRoleID,int,NULL,NULL,NULL
ltbcontact_Extended,ContactID,int,NULL,FOREIGN KEY,FK_ltbcontact_Extended_ltbcontact
ltbcontact_Extended,ContactID,int,NULL,PRIMARY KEY,PK_ConID
ltbcontact_Extended,LastLogin,datetime,NULL,NULL,NULL
ltbcontact_Extended,InactiveData,varchar,500,NULL,NULL
ltbcontact_Extended,AuditorCertNumber,varchar,15,NULL,NULL
ltbcontact_Extended,LastAuditDate,smalldatetime,NULL,NULL,NULL
ltbcontact_Extended,CertStatus,nvarchar,25,NULL,NULL
ltbcontact_Extended,Deactivated,smalldatetime,NULL,NULL,NULL
ltbcontact_Extended,EmailSentDate,datetime,NULL,NULL,NULL
ltbcontact_Extended,LoginStatus,smallint,NULL,NULL,NULL
ltbcontact_Extended,CreatedBy,nvarchar,150,NULL,NULL
ltbcontact_Extended,ResponsibilitiesASOF,datetime,NULL,NULL,NULL
ltbcontact_Extended,F1,nvarchar,200,NULL,NULL
ltbcontact_Extended,PrimaryLangSpoken,int,NULL,NULL,NULL
ltbcontact_Extended,SecondaryLangSpoken,nvarchar,100,NULL,NULL
ltbcontact_Extended,SSOIDNotInVWorker,nvarchar,50,NULL,NULL
ltbcontact_Extended,DeactivateBy,nvarchar,50,NULL,NULL
ltbcontact_Extended,DeactivateReason,nvarchar,25,NULL,NULL
ltbcontact_Extended,DeactivateCompleted,datetime,NULL,NULL,NULL
ltbcontact_Extended,GuestLicenseAgreement,datetime,NULL,NULL,NULL
ltbcontact_Extended,securityQuestion,bit,NULL,NULL,NULL
ltbcontact_Extended,securityQuestionStatus,smallint,NULL,NULL,NULL
ltbcontact_Extended,UConnect_Status,smallint,NULL,NULL,NULL
ltbcontact_Extended,ContactTags,nvarchar,1000,NULL,NULL
ltbcontact_Extended,scope,nvarchar,50,NULL,NULL
ltbcontact_Extended,scopeId,int,NULL,NULL,NULL
ltbContact,CONTACT_NAME,nvarchar,150,PRIMARY KEY,PK_ltbContact
ltbContact,CONTACT_LASTNAME,nvarchar,50,NULL,NULL
ltbContact,CONTACT_FIRSTNAME,nvarchar,100,NULL,NULL
ltbContact,CONTACT_PHONE,nvarchar,255,NULL,NULL
ltbContact,CONTACT_FAX,nvarchar,255,NULL,NULL
ltbContact,CONTACT_EXTPHONE,nvarchar,255,NULL,NULL
ltbContact,CONTACT_HOMEPHONE,nvarchar,50,NULL,NULL
ltbContact,CONTACT_TITLE,nvarchar,255,NULL,NULL
ltbContact,EHS_DEDICATED,bit,NULL,NULL,NULL
ltbContact,CONTACT_LOCATION,nvarchar,255,NULL,NULL
ltbContact,CONTACT_ORG,nvarchar,255,NULL,NULL
ltbContact,CONTACT_EMAIL,nvarchar,255,NULL,NULL
ltbContact,CONTACT_ADDRESS,nvarchar,255,NULL,NULL
ltbContact,CONTACT_BLDG,nvarchar,100,NULL,NULL
ltbContact,CONTACT_EXPERTISE,nvarchar,255,NULL,NULL
ltbContact,CONTACT_PAGER,nvarchar,255,NULL,NULL
ltbContact,ADM,bit,NULL,NULL,NULL
ltbContact,AIR,bit,NULL,NULL,NULL
ltbContact,CHE,bit,NULL,NULL,NULL
ltbContact,COM,bit,NULL,NULL,NULL
ltbContact,EIS,bit,NULL,NULL,NULL
ltbContact,EMS,bit,NULL,NULL,NULL
ltbContact,HEA,bit,NULL,NULL,NULL
ltbContact,INT,bit,NULL,NULL,NULL
ltbContact,NUC,bit,NULL,NULL,NULL
ltbContact,QUA,bit,NULL,NULL,NULL
ltbContact,TRA,bit,NULL,NULL,NULL
ltbContact,TSC,bit,NULL,NULL,NULL
ltbContact,VPP,bit,NULL,NULL,NULL
ltbContact,WAS,bit,NULL,NULL,NULL
ltbContact,WAT,bit,NULL,NULL,NULL
ltbContact,SCO,bit,NULL,NULL,NULL
ltbContact,ITR,bit,NULL,NULL,NULL
ltbContact,DB_ADMIN,bit,NULL,NULL,NULL
ltbContact,PS_Admin,numeric,NULL,NULL,NULL
ltbContact,UPDATE_DATE,smalldatetime,NULL,NULL,NULL
ltbContact,SS_TRAINED,bit,NULL,NULL,NULL
ltbContact,SS_CERTIFIED,bit,NULL,NULL,NULL
ltbContact,TrackFlag,bit,NULL,NULL,NULL
ltbContact,Contact_Business,nvarchar,50,NULL,NULL
ltbContact,UserName,nvarchar,255,NULL,NULL
ltbContact,Password,nvarchar,100,NULL,NULL
ltbContact,SSOID,varchar,255,NULL,NULL
ltbContact,ContactID,int,NULL,NULL,NULL
ltbContact,Country,nvarchar,50,NULL,NULL
ltbContact,LastLogin,datetime,NULL,NULL,NULL
ltbContact,MXWasChecked,bit,NULL,NULL,NULL
ltbContact,MXHasDouble,bit,NULL,NULL,NULL
ltbContact,MXWasUpdated,bit,NULL,NULL,NULL
ltbContact,MXEncode,varchar,30,NULL,NULL
ltbContact,LangID,int,NULL,NULL,NULL
ltbContact,TimeZoneID,int,NULL,NULL,NULL
ltbContact,ByPassVal,bit,NULL,NULL,NULL
ltbContact,PrivNoticeAckDate,datetime,NULL,NULL,NULL
ltbContact,AuditorGoalsObjectives,bit,NULL,NULL,NULL
ltbContact,contactsDSN,char,1,NULL,NULL
ltbContact,User_Type,nvarchar,25,NULL,NULL
ltbContact,HasCategories,bit,NULL,NULL,NULL
ltbContact,HOP,bit,NULL,NULL,NULL
ltbContact,AltEmpID,nvarchar,50,NULL,NULL
ltbContact,createDate,datetime,NULL,NULL,NULL
ltbContact,cdiDate,datetime,NULL,NULL,NULL
ltbContact,CreateFrom,varchar,20,NULL,NULL
ltbContact,CDI_SiteID,int,NULL,NULL,NULL
ltbContact,RestrictedUser,bit,NULL,NULL,NULL
ltbContact,ExtUseID,nvarchar,50,NULL,NULL
ltbCOE_Sub,DeptID,int,NULL,PRIMARY KEY,PK_ltbCOE_Sub
ltbCOE_Sub,SubCOE,nvarchar,50,PRIMARY KEY,PK_ltbCOE_Sub
ltbCOE_Sub,COE_Contact,nchar,50,NULL,NULL
ltbCOE_Sub,SubCOEID,int,NULL,NULL,NULL
ltbCOE_Sub,Archive,bit,NULL,NULL,NULL
ltbCOE_Sub,UpdateDate,datetime,NULL,NULL,NULL
ltbCOE_Sub,UpdateBy,nvarchar,50,NULL,NULL
ltbCOE_Sub,COE_Ops_Contact,nvarchar,150,NULL,NULL
ltbCOE_Sub,SiteID,int,NULL,NULL,NULL
ltbCOE_Sub,SubCOEcountry,nvarchar,50,NULL,NULL
ltbCOE_Sub,SubCOEregion,nvarchar,50,NULL,NULL
ltbCOE_Sub,MXWasChecked,bit,NULL,NULL,NULL
ltbCOE_Sub,MXHasDouble,bit,NULL,NULL,NULL
ltbCOE_Sub,MXWasUpdated,bit,NULL,NULL,NULL
ltbCOE_Sub,MXEncode,varchar,30,NULL,NULL
ltbCOE_Sub,Latitude,float,NULL,NULL,NULL
ltbCOE_Sub,Longitude,float,NULL,NULL,NULL
ltbCOE,ORGNAME,nvarchar,50,PRIMARY KEY,PK_ltbCOE_OrgLocCoe
ltbCOE,LOCATION,nvarchar,50,PRIMARY KEY,PK_ltbCOE_OrgLocCoe
ltbCOE,COE,nvarchar,50,PRIMARY KEY,PK_ltbCOE_OrgLocCoe
ltbCOE,COESortNo,smallint,NULL,NULL,NULL
ltbCOE,SubSite,nvarchar,50,NULL,NULL
ltbCOE,Archive,bit,NULL,NULL,NULL
ltbCOE,DeptID,int,NULL,NULL,NULL
ltbCOE,COE_Manager,nvarchar,150,NULL,NULL
ltbCOE,COE_Ops_Contact,nvarchar,150,NULL,NULL
ltbCOE,Business,varchar,50,NULL,NULL
ltbCOE,DateCreated,smalldatetime,NULL,NULL,NULL
ltbCOE,COEcountry,nvarchar,50,NULL,NULL
ltbCOE,COEregion,nvarchar,50,NULL,NULL
ltbCOE,MXWasChecked,bit,NULL,NULL,NULL
ltbCOE,MXHasDouble,bit,NULL,NULL,NULL
ltbCOE,MXWasUpdated,bit,NULL,NULL,NULL
ltbCOE,MXEncode,varchar,30,NULL,NULL
ltbCOE,Latitude,float,NULL,NULL,NULL
ltbCOE,Longitude,float,NULL,NULL,NULL
ltbCOE,Color,varchar,6,NULL,NULL
ltbCOE,deptCode,nvarchar,50,NULL,NULL
ltbCOE,createDate,datetime,NULL,NULL,NULL
ltbCOE,createdBy,nvarchar,150,NULL,NULL
ltbCOE,updateDate,datetime,NULL,NULL,NULL
ltbCOE,updateBy,nvarchar,150,NULL,NULL
ltbClosure,ClosureSortNo,smallint,NULL,NULL,NULL
ltbClosure,Closure,nvarchar,100,PRIMARY KEY,PK_ltbClosure
ltbClosure,MXWasChecked,bit,NULL,NULL,NULL
ltbClosure,MXHasDouble,bit,NULL,NULL,NULL
ltbClosure,MXWasUpdated,bit,NULL,NULL,NULL
ltbClosure,MXEncode,varchar,30,NULL,NULL
ltbClosure,ltbClosureID,int,NULL,NULL,NULL
ltbCategory_Sub,SubcategoryId,int,NULL,NULL,NULL
ltbCategory_Sub,Subcategory,nvarchar,200,NULL,NULL
ltbCategory_Sub,ltbCategoryId,int,NULL,FOREIGN KEY,FK_ltbCatSub_ltbCat_CatID
ltbCategory_Sub,archive,bit,NULL,NULL,NULL
ltbCategory_Sub,SiteID,int,NULL,FOREIGN KEY,FK_ltbCatSub_Site
ltbCategory,CategorySortNo,float,NULL,PRIMARY KEY,PK_ltbCategory
ltbCategory,Category,nvarchar,200,PRIMARY KEY,PK_ltbCategory
ltbCategory,SuperCategory,nvarchar,50,NULL,NULL
ltbCategory,MXWasChecked,bit,NULL,NULL,NULL
ltbCategory,MXHasDouble,bit,NULL,NULL,NULL
ltbCategory,MXWasUpdated,bit,NULL,NULL,NULL
ltbCategory,MXEncode,varchar,30,NULL,NULL
ltbCategory,ltbCategoryID,int,NULL,NULL,NULL
ltbCategory,Archive,bit,NULL,NULL,NULL
ltbCategory,OrgID,int,NULL,FOREIGN KEY,FK_ltbCategory_OrgID
ltbCategory,supercategorySortNo,int,NULL,NULL,NULL
ltbBuilding,ORGNAME,nvarchar,50,PRIMARY KEY,PK_CI_ltbBldg_OrgLocBldg
ltbBuilding,LOCATION,nvarchar,50,PRIMARY KEY,PK_CI_ltbBldg_OrgLocBldg
ltbBuilding,Bldg,nvarchar,50,PRIMARY KEY,PK_CI_ltbBldg_OrgLocBldg
ltbBuilding,BldgSortNo,float,NULL,NULL,NULL
ltbBuilding,Archive,bit,NULL,NULL,NULL
ltbBuilding,Business,varchar,50,NULL,NULL
ltbBuilding,MXWasChecked,bit,NULL,NULL,NULL
ltbBuilding,MXHasDouble,bit,NULL,NULL,NULL
ltbBuilding,MXWasUpdated,bit,NULL,NULL,NULL
ltbBuilding,MXEncode,varchar,30,NULL,NULL
ltbBuilding,BldgID,int,NULL,NULL,NULL
ltbBuilding,BusBldgID,int,NULL,NULL,NULL
ltbBuilding,Latitude,float,NULL,NULL,NULL
ltbBuilding,Longitude,float,NULL,NULL,NULL
ltbBuilding,BldgCode,nvarchar,50,NULL,NULL
ltbBuilding,createDate,datetime,NULL,NULL,NULL
ltbBuilding,createdBy,nvarchar,150,NULL,NULL
ltbBuilding,updateDate,datetime,NULL,NULL,NULL
ltbBuilding,updatedBy,nvarchar,150,NULL,NULL
ltbAuditType,AuditSortNo,real,NULL,PRIMARY KEY,aaaaaltbAuditType_PK
ltbAuditType,AuditName,nvarchar,50,NULL,NULL
ltbAuditType,AuditGroup,nvarchar,50,NULL,NULL
ltbAuditType,PriorityMetric,bit,NULL,NULL,NULL
ltbAuditType,MXWasChecked,bit,NULL,NULL,NULL
ltbAuditType,MXHasDouble,bit,NULL,NULL,NULL
ltbAuditType,MXWasUpdated,bit,NULL,NULL,NULL
ltbAuditType,MXEncode,varchar,30,NULL,NULL
ltbAuditType,MetricExclude,bit,NULL,NULL,NULL
ltbAuditType,Archive,bit,NULL,NULL,NULL
ltbAuditType,ltbAuditTypeID,int,NULL,NULL,NULL
ltbAuditType,OrgID,int,NULL,FOREIGN KEY,FK_ltbAuditType_OrgID
ltbAppReference,ltbAppRefID,int,NULL,PRIMARY KEY,PK_ltbAppReferenceID
ltbAppReference,ltbName,nvarchar,50,NULL,NULL
ltbAppReference,ltbUID,int,NULL,NULL,NULL
ltbAppReference,AppID,int,NULL,NULL,NULL
ltbAppReference,ScopeID,smallint,NULL,NULL,NULL
ltbAppReference,Scope,char,25,NULL,NULL
ltbAppReference,Archive,bit,NULL,NULL,NULL
ltbAppReference,AppRefGroupID,int,NULL,NULL,NULL
ltbAppPermissions,ltbAppPermissionID,int,NULL,NULL,NULL
ltbAppPermissions,AppCenter,nvarchar,50,PRIMARY KEY,ltbAppPermissions_PK
ltbAppPermissions,Application,nvarchar,255,PRIMARY KEY,ltbAppPermissions_PK
ltbAppPermissions,Level,nvarchar,50,PRIMARY KEY,ltbAppPermissions_PK
ltbAppPermissions,LevelText,nvarchar,50,PRIMARY KEY,ltbAppPermissions_PK
ltbAppPermissions,LevelDescription,nvarchar,300,NULL,NULL
ltbAppPermissions,OrderNumber,int,NULL,NULL,NULL
ltbAppPermissions,MXWasChecked,bit,NULL,NULL,NULL
ltbAppPermissions,MXHasDouble,bit,NULL,NULL,NULL
ltbAppPermissions,MXWasUpdated,bit,NULL,NULL,NULL
ltbAppPermissions,MXEncode,varchar,30,NULL,NULL
ltbAppPermissions,SortNumber,int,NULL,NULL,NULL
ltbAppPermissions,appID,int,NULL,NULL,NULL
ltbAppPermissions,levelArchived,bit,NULL,NULL,NULL
ltbAppPermissions,hideFromRequest,bit,NULL,NULL,NULL
ltbAppPermissions,hideFromWebView,bit,NULL,NULL,NULL
ltbAppPermissions,noCopy,bit,NULL,NULL,NULL
fiveWhyRCA,RCA_ID,int,NULL,PRIMARY KEY,PK_fiveWhyRCA_RCA_ID
fiveWhyRCA,first_why,nvarchar,500,NULL,NULL
fiveWhyRCA,second_why,nvarchar,500,NULL,NULL
fiveWhyRCA,third_why,nvarchar,500,NULL,NULL
fiveWhyRCA,fourth_why,nvarchar,500,NULL,NULL
fiveWhyRCA,fifth_why,nvarchar,500,NULL,NULL
fiveWhyRCA,root_cause,nvarchar,500,NULL,NULL
fiveWhyRCA,contributing_factor,nvarchar,500,NULL,NULL
fiveWhyRCA,potential_countermeasure,nvarchar,500,NULL,NULL
fiveWhyRCA,primary_RCA,bit,NULL,NULL,NULL
fiveWhyRCA,sort_order,smallint,NULL,NULL,NULL
fiveWhyRCA,ref_ID,int,NULL,NULL,NULL
fiveWhyRCA,parent_ID,int,NULL,NULL,NULL
fiveWhyRCA,ref_type,nvarchar,100,NULL,NULL
fiveWhyRCA,issue_det,nvarchar,1000,NULL,NULL
extensions_data_Pending,ID,int,NULL,PRIMARY KEY,PK_ExtensionData_ID_Pending
extensions_data_Pending,Extension_Name,varchar,50,NULL,NULL
extensions_data_Pending,Record_Group_ID,int,NULL,NULL,NULL
extensions_data_Pending,Record_Parent_ID,int,NULL,NULL,NULL
extensions_data_Pending,Record_Name,varchar,150,NULL,NULL
extensions_data_Pending,Record_Value,nvarchar,-1,NULL,NULL
extensions_data_Pending,Record_Scope_OrgID,int,NULL,NULL,NULL
extensions_data_Pending,Record_Scope_SiteID,int,NULL,NULL,NULL
extensions_data_Pending,Record_Scope_DeptID,int,NULL,NULL,NULL
extensions_data_Pending,Record_Scope_SubCOEID,int,NULL,NULL,NULL
extensions_data_Pending,Record_Scope_BldgID,int,NULL,NULL,NULL
extensions_data_Pending,Record_Scope_WkStID,int,NULL,NULL,NULL
extensions_data_Pending,Created_By,nvarchar,150,NULL,NULL
extensions_data_Pending,Created_Date,datetime,NULL,NULL,NULL
extensions_data_Pending,Update_By,nvarchar,150,NULL,NULL
extensions_data_Pending,Update_Date,datetime,NULL,NULL,NULL
extensions_data_Pending,Archive,bit,NULL,NULL,NULL
extensions_data_Pending,refID,int,NULL,NULL,NULL
extensions_data_Pending,refType,varchar,50,NULL,NULL
extensions_data_Pending,refAppID,int,NULL,NULL,NULL
extensions_data_Pending,updateDateUTC,datetime,NULL,NULL,NULL
Extensions_Data,ID,int,NULL,PRIMARY KEY,PK_ExtensionData_ID
Extensions_Data,Extension_Name,varchar,50,NULL,NULL
Extensions_Data,Record_Group_ID,int,NULL,NULL,NULL
Extensions_Data,Record_Parent_ID,int,NULL,NULL,NULL
Extensions_Data,Record_Name,varchar,150,NULL,NULL
Extensions_Data,Record_Value,nvarchar,-1,NULL,NULL
Extensions_Data,Record_Scope_OrgID,int,NULL,NULL,NULL
Extensions_Data,Record_Scope_SiteID,int,NULL,NULL,NULL
Extensions_Data,Record_Scope_DeptID,int,NULL,NULL,NULL
Extensions_Data,Record_Scope_SubCOEID,int,NULL,NULL,NULL
Extensions_Data,Record_Scope_BldgID,int,NULL,NULL,NULL
Extensions_Data,Record_Scope_WkStID,int,NULL,NULL,NULL
Extensions_Data,Created_By,nvarchar,150,NULL,NULL
Extensions_Data,Created_Date,datetime,NULL,NULL,NULL
Extensions_Data,Update_By,nvarchar,150,NULL,NULL
Extensions_Data,Update_Date,datetime,NULL,NULL,NULL
Extensions_Data,Archive,bit,NULL,NULL,NULL
Extensions_Data,tblAuditID,int,NULL,NULL,NULL
Extensions_Data,refType,varchar,50,NULL,NULL
Extensions_Data,refAppID,int,NULL,NULL,NULL
Extensions_Data,refID,int,NULL,NULL,NULL
AA_Observations,ObservationID,uniqueidentifier,NULL,PRIMARY KEY,PK_AA_Obs_ObservationID
AA_Observations,AuditRoomID,uniqueidentifier,NULL,FOREIGN KEY,FK_AA_Obs_AuditRoomID
AA_Observations,SiteID,int,NULL,FOREIGN KEY,FK_AA_Obs_SiteID
AA_Observations,ObservationType,uniqueidentifier,NULL,FOREIGN KEY,FK_AA_Obs_TypeID
AA_Observations,Description,nvarchar,4000,NULL,NULL
AA_Observations,CreatedBy,nvarchar,255,NULL,NULL
AA_Observations,CreatedDate,datetime,NULL,NULL,NULL
AA_Observations,AssignedAuditor,nvarchar,255,NULL,NULL
AA_Observations,ObservationStatus,uniqueidentifier,NULL,FOREIGN KEY,FK_AA_Obs_ObservationStatusID
AA_Observations,FindingType,int,NULL,NULL,NULL
AA_Observations,FindingCategory,int,NULL,FOREIGN KEY,FK_AA_Obs_FindingCategoryID
AA_Observations,NonComplianceItems,int,NULL,NULL,NULL
AA_Observations,RepeatFinding,bit,NULL,NULL,NULL
AA_Observations,FindingCorrectiveAction,nvarchar,500,NULL,NULL
AA_Observations,ResponsiblePerson,nvarchar,255,NULL,NULL
AA_Observations,ClosureCategory,int,NULL,FOREIGN KEY,FK_AA_Obs_ClosureCategory
AA_Observations,COEID,int,NULL,FOREIGN KEY,FK_AA_Obs_COEID
AA_Observations,BldgID,int,NULL,FOREIGN KEY,FK_AA_Obs_BldgID
AA_Observations,WorkstationID,int,NULL,FOREIGN KEY,FK_AA_Obs_ltbWorkS_WkStID
AA_Observations,SubCOEID,int,NULL,FOREIGN KEY,FK_AA_Obs_SubCOEID
AA_Observations,ObservationViewableID,int,NULL,NULL,NULL
AA_Observations,Citation,nvarchar,-1,NULL,NULL
AA_Observations,NumItems,int,NULL,NULL,NULL
AA_Observations,ObservationDate,datetime,NULL,NULL,NULL
AA_Observations,FindingClosureDate,datetime,NULL,NULL,NULL
AA_Observations,FindingClosureComment,nvarchar,2000,NULL,NULL
AA_Observations,FastForward,bit,NULL,NULL,NULL
AA_Observations,ObservationID_IntID,int,NULL,NULL,NULL
AA_Observations,refType,nvarchar,50,NULL,NULL
AA_Observations,LockedByAssignedAuditor,int,NULL,NULL,NULL
AA_Observations,RiskCategory,int,NULL,NULL,NULL
AA_AuditRoom,AuditRoomID,uniqueidentifier,NULL,PRIMARY KEY,PK_AAuditRoom_AuRoID
AA_AuditRoom,AuditRoomName,nvarchar,255,NULL,NULL
AA_AuditRoom,Org,nvarchar,255,NULL,NULL
AA_AuditRoom,SubOrg,nvarchar,255,NULL,NULL
AA_AuditRoom,Site,nvarchar,255,NULL,NULL
AA_AuditRoom,Status,uniqueidentifier,NULL,FOREIGN KEY,FK_AAuditRoom_AuditRoomID
AA_AuditRoom,CreatedBy,nvarchar,255,NULL,NULL
AA_AuditRoom,CreatedDate,datetime,NULL,NULL,NULL
AA_AuditRoom,StartDate,datetime,NULL,NULL,NULL
AA_AuditRoom,EndDate,datetime,NULL,NULL,NULL
AA_AuditRoom,AuditType,uniqueidentifier,NULL,FOREIGN KEY,FK_AAuditRoom_AuditType
AA_AuditRoom,AuditPlannerID,int,NULL,NULL,NULL
AA_AuditRoom,AuditroomNumber,int,NULL,NULL,NULL
AA_AuditRoom,deptID,int,NULL,NULL,NULL
AA_AuditRoom,SubCOEID,int,NULL,NULL,NULL
AA_AuditRoom,comments,nvarchar,1500,NULL,NULL
